event_type,current_char,timestamp,current_word,current_word_time,current_sentence,current_sentence_time,complete_text,current_complete_time,sentence_num,technique_used,autocompletion,participant_id
key pressed,S,1559750573.6685839,S,0.0,S,0.0,S,0.0,1,none,False,4
key pressed,y,1559750574.036727,Sy,0.36814308166503906,Sy,0.36814308166503906,Sy,0.36814308166503906,1,none,False,4
key pressed,l,1559750574.300446,Syl,0.6318621635437012,Syl,0.6318621635437012,Syl,0.6318621635437012,1,none,False,4
key pressed,v,1559750574.5655391,Sylv,0.8969552516937256,Sylv,0.8969552516937256,Sylv,0.8969552516937256,1,none,False,4
key pressed,i,1559750574.773299,Sylvi,1.10471510887146,Sylvi,1.10471510887146,Sylvi,1.10471510887146,1,none,False,4
key pressed,a,1559750574.957449,Sylvia,1.288865089416504,Sylvia,1.288865089416504,Sylvia,1.288865089416504,1,none,False,4
key pressed,SPACE,1559750575.237495,Sylvia,1.568911075592041,Sylvia ,1.568911075592041,Sylvia ,1.568911075592041,1,none,False,4
word typed,SPACE,1559750575.237495,Sylvia,1.568911075592041,Sylvia ,1.568911075592041,Sylvia ,1.568911075592041,1,False,False,4
key pressed,w,1559750575.589548,w,0.0,Sylvia w,1.920964241027832,Sylvia w,1.920964241027832,1,none,False,4
key pressed,a,1559750575.741442,wa,0.15189385414123535,Sylvia wa,2.0728580951690674,Sylvia wa,2.0728580951690674,1,none,False,4
key pressed,g,1559750576.021666,wag,0.43211793899536133,Sylvia wag,2.3530821800231934,Sylvia wag,2.3530821800231934,1,none,False,4
key pressed,t,1559750576.349662,wagt,0.7601139545440674,Sylvia wagt,2.6810781955718994,Sylvia wagt,2.6810781955718994,1,none,False,4
key pressed,SPACE,1559750576.6294038,wagt,1.039855718612671,Sylvia wagt ,2.960819959640503,Sylvia wagt ,2.960819959640503,1,none,False,4
word typed,SPACE,1559750576.6294038,wagt,1.039855718612671,Sylvia wagt ,2.960819959640503,Sylvia wagt ,2.960819959640503,1,False,False,4
key pressed,q,1559750577.0456052,q,0.0,Sylvia wagt q,3.377021312713623,Sylvia wagt q,3.377021312713623,1,none,False,4
key pressed,u,1559750577.357614,qu,0.3120088577270508,Sylvia wagt qu,3.689030170440674,Sylvia wagt qu,3.689030170440674,1,none,False,4
key pressed,i,1559750577.549577,qui,0.5039718151092529,Sylvia wagt qui,3.880993127822876,Sylvia wagt qui,3.880993127822876,1,none,False,4
key pressed,c,1559750577.749493,quic,0.7038877010345459,Sylvia wagt quic,4.080909013748169,Sylvia wagt quic,4.080909013748169,1,none,False,4
key pressed,k,1559750579.405662,quick,2.3600568771362305,Sylvia wagt quick,5.7370781898498535,Sylvia wagt quick,5.7370781898498535,1,none,False,4
key pressed,SPACE,1559750579.5495338,quick,2.5039286613464355,Sylvia wagt quick ,5.880949974060059,Sylvia wagt quick ,5.880949974060059,1,none,False,4
word typed,SPACE,1559750579.5495338,quick,2.5039286613464355,Sylvia wagt quick ,5.880949974060059,Sylvia wagt quick ,5.880949974060059,1,False,False,4
key pressed,d,1559750579.8537338,d,0.0,Sylvia wagt quick d,6.185149908065796,Sylvia wagt quick d,6.185149908065796,1,none,False,4
key pressed,e,1559750580.013707,de,0.15997314453125,Sylvia wagt quick de,6.345123052597046,Sylvia wagt quick de,6.345123052597046,1,none,False,4
key pressed,n,1559750580.2056031,den,0.3518693447113037,Sylvia wagt quick den,6.5370192527771,Sylvia wagt quick den,6.5370192527771,1,none,False,4
key pressed,SPACE,1559750580.3256671,den,0.47193336486816406,Sylvia wagt quick den ,6.65708327293396,Sylvia wagt quick den ,6.65708327293396,1,none,False,4
word typed,SPACE,1559750580.3256671,den,0.47193336486816406,Sylvia wagt quick den ,6.65708327293396,Sylvia wagt quick den ,6.65708327293396,1,False,False,4
key pressed,J,1559750580.6698859,J,0.0,Sylvia wagt quick den J,7.001302003860474,Sylvia wagt quick den J,7.001302003860474,1,none,False,4
key pressed,u,1559750580.901796,Ju,0.23191022872924805,Sylvia wagt quick den Ju,7.233212232589722,Sylvia wagt quick den Ju,7.233212232589722,1,none,False,4
key pressed,x,1559750581.0856042,Jux,0.41571831703186035,Sylvia wagt quick den Jux,7.417020320892334,Sylvia wagt quick den Jux,7.417020320892334,1,none,False,4
key pressed,SPACE,1559750581.2216582,Jux,0.5517723560333252,Sylvia wagt quick den Jux ,7.553074359893799,Sylvia wagt quick den Jux ,7.553074359893799,1,none,False,4
word typed,SPACE,1559750581.2216582,Jux,0.5517723560333252,Sylvia wagt quick den Jux ,7.553074359893799,Sylvia wagt quick den Jux ,7.553074359893799,1,False,False,4
key pressed,b,1559750581.509608,b,0.0,Sylvia wagt quick den Jux b,7.841024160385132,Sylvia wagt quick den Jux b,7.841024160385132,1,none,False,4
key pressed,e,1559750581.6456409,be,0.1360328197479248,Sylvia wagt quick den Jux be,7.977056980133057,Sylvia wagt quick den Jux be,7.977056980133057,1,none,False,4
key pressed,i,1559750581.775778,bei,0.26617002487182617,Sylvia wagt quick den Jux bei,8.107194185256958,Sylvia wagt quick den Jux bei,8.107194185256958,1,none,False,4
key pressed,SPACE,1559750581.8935459,bei,0.3839378356933594,Sylvia wagt quick den Jux bei ,8.224961996078491,Sylvia wagt quick den Jux bei ,8.224961996078491,1,none,False,4
word typed,SPACE,1559750581.8935459,bei,0.3839378356933594,Sylvia wagt quick den Jux bei ,8.224961996078491,Sylvia wagt quick den Jux bei ,8.224961996078491,1,False,False,4
key pressed,P,1559750582.117627,P,0.0,Sylvia wagt quick den Jux bei P,8.449043035507202,Sylvia wagt quick den Jux bei P,8.449043035507202,1,none,False,4
key pressed,f,1559750582.334058,Pf,0.2164311408996582,Sylvia wagt quick den Jux bei Pf,8.66547417640686,Sylvia wagt quick den Jux bei Pf,8.66547417640686,1,none,False,4
key pressed,o,1559750582.461775,Pfo,0.3441481590270996,Sylvia wagt quick den Jux bei Pfo,8.793191194534302,Sylvia wagt quick den Jux bei Pfo,8.793191194534302,1,none,False,4
key pressed,r,1559750582.653648,Pfor,0.5360209941864014,Sylvia wagt quick den Jux bei Pfor,8.985064029693604,Sylvia wagt quick den Jux bei Pfor,8.985064029693604,1,none,False,4
key pressed,z,1559750582.9978602,Pforz,0.8802332878112793,Sylvia wagt quick den Jux bei Pforz,9.329276323318481,Sylvia wagt quick den Jux bei Pforz,9.329276323318481,1,none,False,4
key pressed,h,1559750583.221714,Pforzh,1.1040871143341064,Sylvia wagt quick den Jux bei Pforzh,9.553130149841309,Sylvia wagt quick den Jux bei Pforzh,9.553130149841309,1,none,False,4
key pressed,e,1559750583.3178601,Pforzhe,1.2002332210540771,Sylvia wagt quick den Jux bei Pforzhe,9.64927625656128,Sylvia wagt quick den Jux bei Pforzhe,9.64927625656128,1,none,False,4
key pressed,i,1559750583.469741,Pforzhei,1.352114200592041,Sylvia wagt quick den Jux bei Pforzhei,9.801157236099243,Sylvia wagt quick den Jux bei Pforzhei,9.801157236099243,1,none,False,4
key pressed,m,1559750583.693839,Pforzheim,1.5762121677398682,Sylvia wagt quick den Jux bei Pforzheim,10.02525520324707,Sylvia wagt quick den Jux bei Pforzheim,10.02525520324707,1,none,False,4
key pressed,.,1559750584.3498409,Pforzheim.,2.2322139739990234,Sylvia wagt quick den Jux bei Pforzheim.,10.681257009506226,Sylvia wagt quick den Jux bei Pforzheim.,10.681257009506226,1,none,False,4
key pressed,ENTER,1559750584.5658329,Pforzheim.,2.4482059478759766,"Sylvia wagt quick den Jux bei Pforzheim.
",10.897248983383179,"Sylvia wagt quick den Jux bei Pforzheim.
",10.897248983383179,1,none,False,4
word typed,ENTER,1559750584.5658329,Pforzheim.,2.4482059478759766,"Sylvia wagt quick den Jux bei Pforzheim.
",10.897248983383179,"Sylvia wagt quick den Jux bei Pforzheim.
",10.897248983383179,1,False,False,4
sentence typed,ENTER,1559750584.5658329,Pforzheim.,2.4482059478759766,"Sylvia wagt quick den Jux bei Pforzheim.
",10.897248983383179,"Sylvia wagt quick den Jux bei Pforzheim.
",10.897248983383179,1,none,False,4
key pressed,S,1559750585.5658188,S,0.0,S,0.0,Sylvia wagt quick den Jux bei Pforzheim.S,11.897234916687012,2,none,False,4
key pressed,t,1559750585.7898,St,0.22398114204406738,St,0.22398114204406738,Sylvia wagt quick den Jux bei Pforzheim.St,12.121216058731079,2,none,False,4
key pressed,a,1559750585.8857112,Sta,0.31989240646362305,Sta,0.31989240646362305,Sylvia wagt quick den Jux bei Pforzheim.Sta,12.217127323150635,2,none,False,4
key pressed,n,1559750586.037697,Stan,0.4718782901763916,Stan,0.4718782901763916,Sylvia wagt quick den Jux bei Pforzheim.Stan,12.369113206863403,2,none,False,4
key pressed,l,1559750586.2537348,Stanl,0.6879160404205322,Stanl,0.6879160404205322,Sylvia wagt quick den Jux bei Pforzheim.Stanl,12.585150957107544,2,none,False,4
key pressed,e,1559750586.381807,Stanle,0.815988302230835,Stanle,0.815988302230835,Sylvia wagt quick den Jux bei Pforzheim.Stanle,12.713223218917847,2,none,False,4
key pressed,y,1559750586.6378272,Stanley,1.0720083713531494,Stanley,1.0720083713531494,Sylvia wagt quick den Jux bei Pforzheim.Stanley,12.969243288040161,2,none,False,4
key pressed,s,1559750586.925964,Stanleys,1.3601453304290771,Stanleys,1.3601453304290771,Sylvia wagt quick den Jux bei Pforzheim.Stanleys,13.257380247116089,2,none,False,4
key pressed,SPACE,1559750587.117779,Stanleys,1.5519602298736572,Stanleys ,1.5519602298736572,Sylvia wagt quick den Jux bei Pforzheim.Stanleys ,13.449195146560669,2,none,False,4
word typed,SPACE,1559750587.117779,Stanleys,1.5519602298736572,Stanleys ,1.5519602298736572,Sylvia wagt quick den Jux bei Pforzheim.Stanleys ,13.449195146560669,2,False,False,4
key pressed,E,1559750587.4459012,E,0.0,Stanleys E,1.880082368850708,Sylvia wagt quick den Jux bei Pforzheim.Stanleys E,13.77731728553772,2,none,False,4
key pressed,x,1559750587.717858,Ex,0.2719569206237793,Stanleys Ex,2.1520392894744873,Sylvia wagt quick den Jux bei Pforzheim.Stanleys Ex,14.049274206161499,2,none,False,4
key pressed,p,1559750588.0138812,Exp,0.5679800510406494,Stanleys Exp,2.4480624198913574,Sylvia wagt quick den Jux bei Pforzheim.Stanleys Exp,14.34529733657837,2,none,False,4
key pressed,e,1559750588.165777,Expe,0.7198758125305176,Stanleys Expe,2.5999581813812256,Sylvia wagt quick den Jux bei Pforzheim.Stanleys Expe,14.497193098068237,2,none,False,4
key pressed,d,1559750588.382095,Exped,0.9361939430236816,Stanleys Exped,2.8162763118743896,Sylvia wagt quick den Jux bei Pforzheim.Stanleys Exped,14.713511228561401,2,none,False,4
key pressed,i,1559750588.5338628,Expedi,1.0879616737365723,Stanleys Expedi,2.9680440425872803,Sylvia wagt quick den Jux bei Pforzheim.Stanleys Expedi,14.865278959274292,2,none,False,4
key pressed,t,1559750588.6859038,Expedit,1.2400026321411133,Stanleys Expedit,3.1200850009918213,Sylvia wagt quick den Jux bei Pforzheim.Stanleys Expedit,15.017319917678833,2,none,False,4
key pressed,i,1559750588.781921,Expediti,1.33601975440979,Stanleys Expediti,3.216102123260498,Sylvia wagt quick den Jux bei Pforzheim.Stanleys Expediti,15.11333703994751,2,none,False,4
key pressed,o,1559750588.973839,Expeditio,1.527937889099121,Stanleys Expeditio,3.408020257949829,Sylvia wagt quick den Jux bei Pforzheim.Stanleys Expeditio,15.30525517463684,2,none,False,4
key pressed,n,1559750589.197931,Expedition,1.7520298957824707,Stanleys Expedition,3.6321122646331787,Sylvia wagt quick den Jux bei Pforzheim.Stanleys Expedition,15.52934718132019,2,none,False,4
key pressed,s,1559750589.326114,Expeditions,1.8802127838134766,Stanleys Expeditions,3.7602951526641846,Sylvia wagt quick den Jux bei Pforzheim.Stanleys Expeditions,15.657530069351196,2,none,False,4
key pressed,z,1559750589.781924,Expeditionsz,2.3360228538513184,Stanleys Expeditionsz,4.216105222702026,Sylvia wagt quick den Jux bei Pforzheim.Stanleys Expeditionsz,16.113340139389038,2,none,False,4
key pressed,u,1559750589.9898582,Expeditionszu,2.543956995010376,Stanleys Expeditionszu,4.424039363861084,Sylvia wagt quick den Jux bei Pforzheim.Stanleys Expeditionszu,16.321274280548096,2,none,False,4
key pressed,g,1559750590.18996,Expeditionszug,2.744058847427368,Stanleys Expeditionszug,4.624141216278076,Sylvia wagt quick den Jux bei Pforzheim.Stanleys Expeditionszug,16.521376132965088,2,none,False,4
key pressed,SPACE,1559750590.302062,Expeditionszug,2.856160879135132,Stanleys Expeditionszug ,4.73624324798584,Sylvia wagt quick den Jux bei Pforzheim.Stanleys Expeditionszug ,16.63347816467285,2,none,False,4
word typed,SPACE,1559750590.302062,Expeditionszug,2.856160879135132,Stanleys Expeditionszug ,4.73624324798584,Sylvia wagt quick den Jux bei Pforzheim.Stanleys Expeditionszug ,16.63347816467285,2,False,False,4
key pressed,q,1559750590.557996,q,0.0,Stanleys Expeditionszug q,4.992177248001099,Sylvia wagt quick den Jux bei Pforzheim.Stanleys Expeditionszug q,16.88941216468811,2,none,False,4
key pressed,u,1559750590.709953,qu,0.15195703506469727,Stanleys Expeditionszug qu,5.144134283065796,Sylvia wagt quick den Jux bei Pforzheim.Stanleys Expeditionszug qu,17.041369199752808,2,none,False,4
key pressed,e,1559750590.8942049,que,0.3362088203430176,Stanleys Expeditionszug que,5.328386068344116,Sylvia wagt quick den Jux bei Pforzheim.Stanleys Expeditionszug que,17.225620985031128,2,none,False,4
key pressed,r,1559750591.006009,quer,0.4480130672454834,Stanleys Expeditionszug quer,5.440190315246582,Sylvia wagt quick den Jux bei Pforzheim.Stanleys Expeditionszug quer,17.337425231933594,2,none,False,4
key pressed,SPACE,1559750591.1419148,quer,0.5839188098907471,Stanleys Expeditionszug quer ,5.576096057891846,Sylvia wagt quick den Jux bei Pforzheim.Stanleys Expeditionszug quer ,17.473330974578857,2,none,False,4
word typed,SPACE,1559750591.1419148,quer,0.5839188098907471,Stanleys Expeditionszug quer ,5.576096057891846,Sylvia wagt quick den Jux bei Pforzheim.Stanleys Expeditionszug quer ,17.473330974578857,2,False,False,4
key pressed,d,1559750591.349973,d,0.0,Stanleys Expeditionszug quer d,5.784154176712036,Sylvia wagt quick den Jux bei Pforzheim.Stanleys Expeditionszug quer d,17.681389093399048,2,none,False,4
key pressed,u,1559750591.6298501,du,0.2798771858215332,Stanleys Expeditionszug quer du,6.064031362533569,Sylvia wagt quick den Jux bei Pforzheim.Stanleys Expeditionszug quer du,17.96126627922058,2,none,False,4
key pressed,r,1559750591.741913,dur,0.3919401168823242,Stanleys Expeditionszug quer dur,6.17609429359436,Sylvia wagt quick den Jux bei Pforzheim.Stanleys Expeditionszug quer dur,18.073329210281372,2,none,False,4
key pressed,h,1559750592.174094,durh,0.8241209983825684,Stanleys Expeditionszug quer durh,6.6082751750946045,Sylvia wagt quick den Jux bei Pforzheim.Stanleys Expeditionszug quer durh,18.505510091781616,2,none,False,4
key pressed,r,1559750592.6699111,dur,1.3199381828308105,Stanleys Expeditionszug quer dur,7.104092359542847,Sylvia wagt quick den Jux bei Pforzheim.Stanleys Expeditionszug quer dur,19.00132727622986,2,none,False,4
key pressed,c,1559750592.8460338,durc,1.496060848236084,Stanleys Expeditionszug quer durc,7.28021502494812,Sylvia wagt quick den Jux bei Pforzheim.Stanleys Expeditionszug quer durc,19.177449941635132,2,none,False,4
key pressed,h,1559750592.97388,durch,1.6239070892333984,Stanleys Expeditionszug quer durch,7.408061265945435,Sylvia wagt quick den Jux bei Pforzheim.Stanleys Expeditionszug quer durch,19.305296182632446,2,none,False,4
key pressed,SPACE,1559750593.125321,durch,1.7753479480743408,Stanleys Expeditionszug quer durch ,7.559502124786377,Sylvia wagt quick den Jux bei Pforzheim.Stanleys Expeditionszug quer durch ,19.45673704147339,2,none,False,4
word typed,SPACE,1559750593.125321,durch,1.7753479480743408,Stanleys Expeditionszug quer durch ,7.559502124786377,Sylvia wagt quick den Jux bei Pforzheim.Stanleys Expeditionszug quer durch ,19.45673704147339,2,False,False,4
key pressed,A,1559750593.37407,A,0.0,Stanleys Expeditionszug quer durch A,7.808251142501831,Sylvia wagt quick den Jux bei Pforzheim.Stanleys Expeditionszug quer durch A,19.705486059188843,2,none,False,4
key pressed,f,1559750593.7659168,Af,0.3918468952178955,Stanleys Expeditionszug quer durch Af,8.200098037719727,Sylvia wagt quick den Jux bei Pforzheim.Stanleys Expeditionszug quer durch Af,20.09733295440674,2,none,False,4
key pressed,r,1559750593.9821482,Afr,0.6080782413482666,Stanleys Expeditionszug quer durch Afr,8.416329383850098,Sylvia wagt quick den Jux bei Pforzheim.Stanleys Expeditionszug quer durch Afr,20.31356430053711,2,none,False,4
key pressed,i,1559750594.1020439,Afri,0.7279739379882812,Stanleys Expeditionszug quer durch Afri,8.536225080490112,Sylvia wagt quick den Jux bei Pforzheim.Stanleys Expeditionszug quer durch Afri,20.433459997177124,2,none,False,4
key pressed,k,1559750594.2862048,Afrik,0.9121348857879639,Stanleys Expeditionszug quer durch Afrik,8.720386028289795,Sylvia wagt quick den Jux bei Pforzheim.Stanleys Expeditionszug quer durch Afrik,20.617620944976807,2,none,False,4
key pressed,a,1559750594.4140859,Afrika,1.0400159358978271,Stanleys Expeditionszug quer durch Afrika,8.848267078399658,Sylvia wagt quick den Jux bei Pforzheim.Stanleys Expeditionszug quer durch Afrika,20.74550199508667,2,none,False,4
key pressed,SPACE,1559750594.549976,Afrika,1.1759061813354492,Stanleys Expeditionszug quer durch Afrika ,8.98415732383728,Sylvia wagt quick den Jux bei Pforzheim.Stanleys Expeditionszug quer durch Afrika ,20.881392240524292,2,none,False,4
word typed,SPACE,1559750594.549976,Afrika,1.1759061813354492,Stanleys Expeditionszug quer durch Afrika ,8.98415732383728,Sylvia wagt quick den Jux bei Pforzheim.Stanleys Expeditionszug quer durch Afrika ,20.881392240524292,2,False,False,4
key pressed,w,1559750595.014049,w,0.0,Stanleys Expeditionszug quer durch Afrika w,9.448230266571045,Sylvia wagt quick den Jux bei Pforzheim.Stanleys Expeditionszug quer durch Afrika w,21.345465183258057,2,none,False,4
key pressed,i,1559750595.17411,wi,0.16006088256835938,Stanleys Expeditionszug quer durch Afrika wi,9.608291149139404,Sylvia wagt quick den Jux bei Pforzheim.Stanleys Expeditionszug quer durch Afrika wi,21.505526065826416,2,none,False,4
key pressed,r,1559750595.3182368,wir,0.3041877746582031,Stanleys Expeditionszug quer durch Afrika wir,9.752418041229248,Sylvia wagt quick den Jux bei Pforzheim.Stanleys Expeditionszug quer durch Afrika wir,21.64965295791626,2,none,False,4
key pressed,d,1559750595.518173,wird,0.5041239261627197,Stanleys Expeditionszug quer durch Afrika wird,9.952354192733765,Sylvia wagt quick den Jux bei Pforzheim.Stanleys Expeditionszug quer durch Afrika wird,21.849589109420776,2,none,False,4
key pressed,SPACE,1559750595.6381068,wird,0.6240577697753906,Stanleys Expeditionszug quer durch Afrika wird ,10.072288036346436,Sylvia wagt quick den Jux bei Pforzheim.Stanleys Expeditionszug quer durch Afrika wird ,21.969522953033447,2,none,False,4
word typed,SPACE,1559750595.6381068,wird,0.6240577697753906,Stanleys Expeditionszug quer durch Afrika wird ,10.072288036346436,Sylvia wagt quick den Jux bei Pforzheim.Stanleys Expeditionszug quer durch Afrika wird ,21.969522953033447,2,False,False,4
key pressed,v,1559750596.1342552,v,0.0,Stanleys Expeditionszug quer durch Afrika wird v,10.56843638420105,Sylvia wagt quick den Jux bei Pforzheim.Stanleys Expeditionszug quer durch Afrika wird v,22.46567130088806,2,none,False,4
key pressed,o,1559750596.262069,vo,0.12781381607055664,Stanleys Expeditionszug quer durch Afrika wird vo,10.696250200271606,Sylvia wagt quick den Jux bei Pforzheim.Stanleys Expeditionszug quer durch Afrika wird vo,22.593485116958618,2,none,False,4
key pressed,n,1559750596.48626,von,0.3520047664642334,Stanleys Expeditionszug quer durch Afrika wird von,10.920441150665283,Sylvia wagt quick den Jux bei Pforzheim.Stanleys Expeditionszug quer durch Afrika wird von,22.817676067352295,2,none,False,4
key pressed,SPACE,1559750596.6140249,von,0.4797697067260742,Stanleys Expeditionszug quer durch Afrika wird von ,11.048206090927124,Sylvia wagt quick den Jux bei Pforzheim.Stanleys Expeditionszug quer durch Afrika wird von ,22.945441007614136,2,none,False,4
word typed,SPACE,1559750596.6140249,von,0.4797697067260742,Stanleys Expeditionszug quer durch Afrika wird von ,11.048206090927124,Sylvia wagt quick den Jux bei Pforzheim.Stanleys Expeditionszug quer durch Afrika wird von ,22.945441007614136,2,False,False,4
key pressed,j,1559750596.718166,j,0.0,Stanleys Expeditionszug quer durch Afrika wird von j,11.152347326278687,Sylvia wagt quick den Jux bei Pforzheim.Stanleys Expeditionszug quer durch Afrika wird von j,23.0495822429657,2,none,False,4
key pressed,e,1559750596.814326,je,0.0961599349975586,Stanleys Expeditionszug quer durch Afrika wird von je,11.248507261276245,Sylvia wagt quick den Jux bei Pforzheim.Stanleys Expeditionszug quer durch Afrika wird von je,23.145742177963257,2,none,False,4
key pressed,d,1559750596.9419389,jed,0.22377276420593262,Stanleys Expeditionszug quer durch Afrika wird von jed,11.37612009048462,Sylvia wagt quick den Jux bei Pforzheim.Stanleys Expeditionszug quer durch Afrika wird von jed,23.27335500717163,2,none,False,4
key pressed,e,1559750597.102186,jede,0.3840198516845703,Stanleys Expeditionszug quer durch Afrika wird von jede,11.536367177963257,Sylvia wagt quick den Jux bei Pforzheim.Stanleys Expeditionszug quer durch Afrika wird von jede,23.43360209465027,2,none,False,4
key pressed,r,1559750597.1741598,jeder,0.45599365234375,Stanleys Expeditionszug quer durch Afrika wird von jeder,11.608340978622437,Sylvia wagt quick den Jux bei Pforzheim.Stanleys Expeditionszug quer durch Afrika wird von jeder,23.50557589530945,2,none,False,4
key pressed,m,1559750597.302335,jederm,0.5841689109802246,Stanleys Expeditionszug quer durch Afrika wird von jederm,11.736516237258911,Sylvia wagt quick den Jux bei Pforzheim.Stanleys Expeditionszug quer durch Afrika wird von jederm,23.633751153945923,2,none,False,4
key pressed,a,1559750597.446204,jederma,0.7280378341674805,Stanleys Expeditionszug quer durch Afrika wird von jederma,11.880385160446167,Sylvia wagt quick den Jux bei Pforzheim.Stanleys Expeditionszug quer durch Afrika wird von jederma,23.77762007713318,2,none,False,4
key pressed,n,1559750597.6541739,jederman,0.9360077381134033,Stanleys Expeditionszug quer durch Afrika wird von jederman,12.08835506439209,Sylvia wagt quick den Jux bei Pforzheim.Stanleys Expeditionszug quer durch Afrika wird von jederman,23.9855899810791,2,none,False,4
key pressed,n,1559750597.8143349,jedermann,1.0961687564849854,Stanleys Expeditionszug quer durch Afrika wird von jedermann,12.248516082763672,Sylvia wagt quick den Jux bei Pforzheim.Stanleys Expeditionszug quer durch Afrika wird von jedermann,24.145750999450684,2,none,False,4
key pressed,SPACE,1559750597.950176,jedermann,1.2320098876953125,Stanleys Expeditionszug quer durch Afrika wird von jedermann ,12.384357213973999,Sylvia wagt quick den Jux bei Pforzheim.Stanleys Expeditionszug quer durch Afrika wird von jedermann ,24.28159213066101,2,none,False,4
word typed,SPACE,1559750597.950176,jedermann,1.2320098876953125,Stanleys Expeditionszug quer durch Afrika wird von jedermann ,12.384357213973999,Sylvia wagt quick den Jux bei Pforzheim.Stanleys Expeditionszug quer durch Afrika wird von jedermann ,24.28159213066101,2,False,False,4
key pressed,b,1559750598.414378,b,0.0,Stanleys Expeditionszug quer durch Afrika wird von jedermann b,12.848559141159058,Sylvia wagt quick den Jux bei Pforzheim.Stanleys Expeditionszug quer durch Afrika wird von jedermann b,24.74579405784607,2,none,False,4
key pressed,e,1559750598.5982358,be,0.18385791778564453,Stanleys Expeditionszug quer durch Afrika wird von jedermann be,13.032417058944702,Sylvia wagt quick den Jux bei Pforzheim.Stanleys Expeditionszug quer durch Afrika wird von jedermann be,24.929651975631714,2,none,False,4
key pressed,w,1559750598.838347,bew,0.423969030380249,Stanleys Expeditionszug quer durch Afrika wird von jedermann bew,13.272528171539307,Sylvia wagt quick den Jux bei Pforzheim.Stanleys Expeditionszug quer durch Afrika wird von jedermann bew,25.16976308822632,2,none,False,4
key pressed,u,1559750599.0302851,bewu,0.6159071922302246,Stanleys Expeditionszug quer durch Afrika wird von jedermann bewu,13.464466333389282,Sylvia wagt quick den Jux bei Pforzheim.Stanleys Expeditionszug quer durch Afrika wird von jedermann bewu,25.361701250076294,2,none,False,4
key pressed,n,1559750599.238231,bewun,0.8238530158996582,Stanleys Expeditionszug quer durch Afrika wird von jedermann bewun,13.672412157058716,Sylvia wagt quick den Jux bei Pforzheim.Stanleys Expeditionszug quer durch Afrika wird von jedermann bewun,25.569647073745728,2,none,False,4
key pressed,d,1559750599.302455,bewund,0.8880770206451416,Stanleys Expeditionszug quer durch Afrika wird von jedermann bewund,13.7366361618042,Sylvia wagt quick den Jux bei Pforzheim.Stanleys Expeditionszug quer durch Afrika wird von jedermann bewund,25.63387107849121,2,none,False,4
key pressed,e,1559750599.454127,bewunde,1.0397491455078125,Stanleys Expeditionszug quer durch Afrika wird von jedermann bewunde,13.88830828666687,Sylvia wagt quick den Jux bei Pforzheim.Stanleys Expeditionszug quer durch Afrika wird von jedermann bewunde,25.785543203353882,2,none,False,4
key pressed,r,1559750599.590218,bewunder,1.175840139389038,Stanleys Expeditionszug quer durch Afrika wird von jedermann bewunder,14.024399280548096,Sylvia wagt quick den Jux bei Pforzheim.Stanleys Expeditionszug quer durch Afrika wird von jedermann bewunder,25.921634197235107,2,none,False,4
key pressed,t,1559750599.781597,bewundert,1.3672189712524414,Stanleys Expeditionszug quer durch Afrika wird von jedermann bewundert,14.215778112411499,Sylvia wagt quick den Jux bei Pforzheim.Stanleys Expeditionszug quer durch Afrika wird von jedermann bewundert,26.11301302909851,2,none,False,4
key pressed,.,1559750600.462281,bewundert.,2.047903060913086,Stanleys Expeditionszug quer durch Afrika wird von jedermann bewundert.,14.896462202072144,Sylvia wagt quick den Jux bei Pforzheim.Stanleys Expeditionszug quer durch Afrika wird von jedermann bewundert.,26.793697118759155,2,none,False,4
key pressed,ENTER,1559750600.7183208,bewundert.,2.303942918777466,"Stanleys Expeditionszug quer durch Afrika wird von jedermann bewundert.
",15.152502059936523,"Sylvia wagt quick den Jux bei Pforzheim.Stanleys Expeditionszug quer durch Afrika wird von jedermann bewundert.
",27.049736976623535,2,none,False,4
word typed,ENTER,1559750600.7183208,bewundert.,2.303942918777466,"Stanleys Expeditionszug quer durch Afrika wird von jedermann bewundert.
",15.152502059936523,"Sylvia wagt quick den Jux bei Pforzheim.Stanleys Expeditionszug quer durch Afrika wird von jedermann bewundert.
",27.049736976623535,2,False,False,4
sentence typed,ENTER,1559750600.7183208,bewundert.,2.303942918777466,"Stanleys Expeditionszug quer durch Afrika wird von jedermann bewundert.
",15.152502059936523,"Sylvia wagt quick den Jux bei Pforzheim.Stanleys Expeditionszug quer durch Afrika wird von jedermann bewundert.
",27.049736976623535,2,none,False,4
key pressed,P,1559750601.83818,P,0.0,P,0.0,Sylvia wagt quick den Jux bei Pforzheim.Stanleys Expeditionszug quer durch Afrika wird von jedermann bewundert.P,28.169596195220947,3,none,False,4
key pressed,r,1559750601.974126,Pr,0.13594603538513184,Pr,0.13594603538513184,Sylvia wagt quick den Jux bei Pforzheim.Stanleys Expeditionszug quer durch Afrika wird von jedermann bewundert.Pr,28.30554223060608,3,none,False,4
key pressed,a,1559750602.1182451,Pra,0.28006505966186523,Pra,0.28006505966186523,Sylvia wagt quick den Jux bei Pforzheim.Stanleys Expeditionszug quer durch Afrika wird von jedermann bewundert.Pra,28.449661254882812,3,none,False,4
key pressed,l,1559750602.310359,Pral,0.47217893600463867,Pral,0.47217893600463867,Sylvia wagt quick den Jux bei Pforzheim.Stanleys Expeditionszug quer durch Afrika wird von jedermann bewundert.Pral,28.641775131225586,3,none,False,4
key pressed,l,1559750602.446194,Prall,0.6080138683319092,Prall,0.6080138683319092,Sylvia wagt quick den Jux bei Pforzheim.Stanleys Expeditionszug quer durch Afrika wird von jedermann bewundert.Prall,28.777610063552856,3,none,False,4
key pressed,SPACE,1559750602.5981581,Prall,0.7599780559539795,Prall ,0.7599780559539795,Sylvia wagt quick den Jux bei Pforzheim.Stanleys Expeditionszug quer durch Afrika wird von jedermann bewundert.Prall ,28.929574251174927,3,none,False,4
word typed,SPACE,1559750602.5981581,Prall,0.7599780559539795,Prall ,0.7599780559539795,Sylvia wagt quick den Jux bei Pforzheim.Stanleys Expeditionszug quer durch Afrika wird von jedermann bewundert.Prall ,28.929574251174927,3,False,False,4
key pressed,v,1559750603.558356,v,0.0,Prall v,1.7201759815216064,Sylvia wagt quick den Jux bei Pforzheim.Stanleys Expeditionszug quer durch Afrika wird von jedermann bewundert.Prall v,29.889772176742554,3,none,False,4
key pressed,o,1559750603.710282,vo,0.15192604064941406,Prall vo,1.8721020221710205,Sylvia wagt quick den Jux bei Pforzheim.Stanleys Expeditionszug quer durch Afrika wird von jedermann bewundert.Prall vo,30.041698217391968,3,none,False,4
key pressed,m,1559750603.926431,vom,0.368074893951416,Prall vom,2.0882508754730225,Sylvia wagt quick den Jux bei Pforzheim.Stanleys Expeditionszug quer durch Afrika wird von jedermann bewundert.Prall vom,30.25784707069397,3,none,False,4
key pressed,SPACE,1559750604.070366,vom,0.512009859085083,Prall vom ,2.2321858406066895,Sylvia wagt quick den Jux bei Pforzheim.Stanleys Expeditionszug quer durch Afrika wird von jedermann bewundert.Prall vom ,30.401782035827637,3,none,False,4
word typed,SPACE,1559750604.070366,vom,0.512009859085083,Prall vom ,2.2321858406066895,Sylvia wagt quick den Jux bei Pforzheim.Stanleys Expeditionszug quer durch Afrika wird von jedermann bewundert.Prall vom ,30.401782035827637,3,False,False,4
key pressed,W,1559750604.2543092,W,0.0,Prall vom W,2.4161291122436523,Sylvia wagt quick den Jux bei Pforzheim.Stanleys Expeditionszug quer durch Afrika wird von jedermann bewundert.Prall vom W,30.5857253074646,3,none,False,4
key pressed,h,1559750604.430499,Wh,0.17618989944458008,Prall vom Wh,2.5923190116882324,Sylvia wagt quick den Jux bei Pforzheim.Stanleys Expeditionszug quer durch Afrika wird von jedermann bewundert.Prall vom Wh,30.76191520690918,3,none,False,4
key pressed,i,1559750604.638365,Whi,0.38405585289001465,Prall vom Whi,2.800184965133667,Sylvia wagt quick den Jux bei Pforzheim.Stanleys Expeditionszug quer durch Afrika wird von jedermann bewundert.Prall vom Whi,30.969781160354614,3,none,False,4
key pressed,s,1559750604.758316,Whis,0.5040068626403809,Prall vom Whis,2.920135974884033,Sylvia wagt quick den Jux bei Pforzheim.Stanleys Expeditionszug quer durch Afrika wird von jedermann bewundert.Prall vom Whis,31.08973217010498,3,none,False,4
key pressed,k,1559750604.974404,Whisk,0.7200949192047119,Prall vom Whisk,3.1362240314483643,Sylvia wagt quick den Jux bei Pforzheim.Stanleys Expeditionszug quer durch Afrika wird von jedermann bewundert.Prall vom Whisk,31.30582022666931,3,none,False,4
key pressed,y,1559750605.214344,Whisky,0.9600348472595215,Prall vom Whisky,3.376163959503174,Sylvia wagt quick den Jux bei Pforzheim.Stanleys Expeditionszug quer durch Afrika wird von jedermann bewundert.Prall vom Whisky,31.54576015472412,3,none,False,4
key pressed,SPACE,1559750605.5422552,Whisky,1.2879459857940674,Prall vom Whisky ,3.7040750980377197,Sylvia wagt quick den Jux bei Pforzheim.Stanleys Expeditionszug quer durch Afrika wird von jedermann bewundert.Prall vom Whisky ,31.873671293258667,3,none,False,4
word typed,SPACE,1559750605.5422552,Whisky,1.2879459857940674,Prall vom Whisky ,3.7040750980377197,Sylvia wagt quick den Jux bei Pforzheim.Stanleys Expeditionszug quer durch Afrika wird von jedermann bewundert.Prall vom Whisky ,31.873671293258667,3,False,False,4
key pressed,f,1559750605.806514,f,0.0,Prall vom Whisky f,3.9683339595794678,Sylvia wagt quick den Jux bei Pforzheim.Stanleys Expeditionszug quer durch Afrika wird von jedermann bewundert.Prall vom Whisky f,32.137930154800415,3,none,False,4
key pressed,l,1559750606.134331,fl,0.3278169631958008,Prall vom Whisky fl,4.2961509227752686,Sylvia wagt quick den Jux bei Pforzheim.Stanleys Expeditionszug quer durch Afrika wird von jedermann bewundert.Prall vom Whisky fl,32.465747117996216,3,none,False,4
key pressed,o,1559750606.342599,flo,0.5360848903656006,Prall vom Whisky flo,4.504418849945068,Sylvia wagt quick den Jux bei Pforzheim.Stanleys Expeditionszug quer durch Afrika wird von jedermann bewundert.Prall vom Whisky flo,32.674015045166016,3,none,False,4
key pressed,g,1559750606.486474,flog,0.6799600124359131,Prall vom Whisky flog,4.648293972015381,Sylvia wagt quick den Jux bei Pforzheim.Stanleys Expeditionszug quer durch Afrika wird von jedermann bewundert.Prall vom Whisky flog,32.81789016723633,3,none,False,4
key pressed,SPACE,1559750606.622338,flog,0.815824031829834,Prall vom Whisky flog ,4.784157991409302,Sylvia wagt quick den Jux bei Pforzheim.Stanleys Expeditionszug quer durch Afrika wird von jedermann bewundert.Prall vom Whisky flog ,32.95375418663025,3,none,False,4
word typed,SPACE,1559750606.622338,flog,0.815824031829834,Prall vom Whisky flog ,4.784157991409302,Sylvia wagt quick den Jux bei Pforzheim.Stanleys Expeditionszug quer durch Afrika wird von jedermann bewundert.Prall vom Whisky flog ,32.95375418663025,3,False,False,4
key pressed,Q,1559750606.942544,Q,0.0,Prall vom Whisky flog Q,5.104363918304443,Sylvia wagt quick den Jux bei Pforzheim.Stanleys Expeditionszug quer durch Afrika wird von jedermann bewundert.Prall vom Whisky flog Q,33.27396011352539,3,none,False,4
key pressed,u,1559750607.077754,Qu,0.1352100372314453,Prall vom Whisky flog Qu,5.239573955535889,Sylvia wagt quick den Jux bei Pforzheim.Stanleys Expeditionszug quer durch Afrika wird von jedermann bewundert.Prall vom Whisky flog Qu,33.409170150756836,3,none,False,4
key pressed,a,1559750607.254345,Qua,0.3118009567260742,Prall vom Whisky flog Qua,5.416164875030518,Sylvia wagt quick den Jux bei Pforzheim.Stanleys Expeditionszug quer durch Afrika wird von jedermann bewundert.Prall vom Whisky flog Qua,33.585761070251465,3,none,False,4
key pressed,x,1559750607.6465752,Quax,0.704031229019165,Prall vom Whisky flog Quax,5.808395147323608,Sylvia wagt quick den Jux bei Pforzheim.Stanleys Expeditionszug quer durch Afrika wird von jedermann bewundert.Prall vom Whisky flog Quax,33.977991342544556,3,none,False,4
key pressed,SPACE,1559750607.8705122,Quax,0.9279682636260986,Prall vom Whisky flog Quax ,6.032332181930542,Sylvia wagt quick den Jux bei Pforzheim.Stanleys Expeditionszug quer durch Afrika wird von jedermann bewundert.Prall vom Whisky flog Quax ,34.20192837715149,3,none,False,4
word typed,SPACE,1559750607.8705122,Quax,0.9279682636260986,Prall vom Whisky flog Quax ,6.032332181930542,Sylvia wagt quick den Jux bei Pforzheim.Stanleys Expeditionszug quer durch Afrika wird von jedermann bewundert.Prall vom Whisky flog Quax ,34.20192837715149,3,False,False,4
key pressed,d,1559750608.158355,d,0.0,Prall vom Whisky flog Quax d,6.320174932479858,Sylvia wagt quick den Jux bei Pforzheim.Stanleys Expeditionszug quer durch Afrika wird von jedermann bewundert.Prall vom Whisky flog Quax d,34.489771127700806,3,none,False,4
key pressed,e,1559750608.830359,de,0.672003984451294,Prall vom Whisky flog Quax de,6.992178916931152,Sylvia wagt quick den Jux bei Pforzheim.Stanleys Expeditionszug quer durch Afrika wird von jedermann bewundert.Prall vom Whisky flog Quax de,35.1617751121521,3,none,False,4
key pressed,n,1559750608.9823518,den,0.8239967823028564,Prall vom Whisky flog Quax den,7.144171714782715,Sylvia wagt quick den Jux bei Pforzheim.Stanleys Expeditionszug quer durch Afrika wird von jedermann bewundert.Prall vom Whisky flog Quax den,35.31376791000366,3,none,False,4
key pressed,SPACE,1559750609.142486,den,0.9841310977935791,Prall vom Whisky flog Quax den ,7.3043060302734375,Sylvia wagt quick den Jux bei Pforzheim.Stanleys Expeditionszug quer durch Afrika wird von jedermann bewundert.Prall vom Whisky flog Quax den ,35.473902225494385,3,none,False,4
word typed,SPACE,1559750609.142486,den,0.9841310977935791,Prall vom Whisky flog Quax den ,7.3043060302734375,Sylvia wagt quick den Jux bei Pforzheim.Stanleys Expeditionszug quer durch Afrika wird von jedermann bewundert.Prall vom Whisky flog Quax den ,35.473902225494385,3,False,False,4
key pressed,J,1559750609.358721,J,0.0,Prall vom Whisky flog Quax den J,7.520540952682495,Sylvia wagt quick den Jux bei Pforzheim.Stanleys Expeditionszug quer durch Afrika wird von jedermann bewundert.Prall vom Whisky flog Quax den J,35.69013714790344,3,none,False,4
key pressed,e,1559750609.5903418,Je,0.23162078857421875,Prall vom Whisky flog Quax den Je,7.752161741256714,Sylvia wagt quick den Jux bei Pforzheim.Stanleys Expeditionszug quer durch Afrika wird von jedermann bewundert.Prall vom Whisky flog Quax den Je,35.92175793647766,3,none,False,4
key pressed,t,1559750609.750498,Jet,0.39177703857421875,Prall vom Whisky flog Quax den Jet,7.912317991256714,Sylvia wagt quick den Jux bei Pforzheim.Stanleys Expeditionszug quer durch Afrika wird von jedermann bewundert.Prall vom Whisky flog Quax den Jet,36.08191418647766,3,none,False,4
key pressed,z,1559750609.950509,Jetz,0.5917880535125732,Prall vom Whisky flog Quax den Jetz,8.112329006195068,Sylvia wagt quick den Jux bei Pforzheim.Stanleys Expeditionszug quer durch Afrika wird von jedermann bewundert.Prall vom Whisky flog Quax den Jetz,36.281925201416016,3,none,False,4
key pressed,SPACE,1559750610.1825411,Jetz,0.8238201141357422,Prall vom Whisky flog Quax den Jetz ,8.344361066818237,Sylvia wagt quick den Jux bei Pforzheim.Stanleys Expeditionszug quer durch Afrika wird von jedermann bewundert.Prall vom Whisky flog Quax den Jetz ,36.513957262039185,3,none,False,4
word typed,SPACE,1559750610.1825411,Jetz,0.8238201141357422,Prall vom Whisky flog Quax den Jetz ,8.344361066818237,Sylvia wagt quick den Jux bei Pforzheim.Stanleys Expeditionszug quer durch Afrika wird von jedermann bewundert.Prall vom Whisky flog Quax den Jetz ,36.513957262039185,3,False,False,4
key pressed,z,1559750610.8225029,Jetz,1.4637818336486816,Prall vom Whisky flog Quax den Jetz,8.984322786331177,Sylvia wagt quick den Jux bei Pforzheim.Stanleys Expeditionszug quer durch Afrika wird von jedermann bewundert.Prall vom Whisky flog Quax den Jetz,37.153918981552124,3,none,False,4
key pressed,t,1559750610.9824698,Jet,1.623748779296875,Prall vom Whisky flog Quax den Jet,9.14428973197937,Sylvia wagt quick den Jux bei Pforzheim.Stanleys Expeditionszug quer durch Afrika wird von jedermann bewundert.Prall vom Whisky flog Quax den Jet,37.31388592720032,3,none,False,4
key pressed,SPACE,1559750611.6145961,Jet,2.2558751106262207,Prall vom Whisky flog Quax den Jet ,9.776416063308716,Sylvia wagt quick den Jux bei Pforzheim.Stanleys Expeditionszug quer durch Afrika wird von jedermann bewundert.Prall vom Whisky flog Quax den Jet ,37.94601225852966,3,none,False,4
word typed,SPACE,1559750611.6145961,Jet,2.2558751106262207,Prall vom Whisky flog Quax den Jet ,9.776416063308716,Sylvia wagt quick den Jux bei Pforzheim.Stanleys Expeditionszug quer durch Afrika wird von jedermann bewundert.Prall vom Whisky flog Quax den Jet ,37.94601225852966,3,False,False,4
key pressed,z,1559750611.9105961,z,0.0,Prall vom Whisky flog Quax den Jet z,10.072416067123413,Sylvia wagt quick den Jux bei Pforzheim.Stanleys Expeditionszug quer durch Afrika wird von jedermann bewundert.Prall vom Whisky flog Quax den Jet z,38.24201226234436,3,none,False,4
key pressed,u,1559750612.070571,zu,0.1599748134613037,Prall vom Whisky flog Quax den Jet zu,10.232390880584717,Sylvia wagt quick den Jux bei Pforzheim.Stanleys Expeditionszug quer durch Afrika wird von jedermann bewundert.Prall vom Whisky flog Quax den Jet zu,38.401987075805664,3,none,False,4
key pressed,SPACE,1559750612.1746309,zu,0.2640347480773926,Prall vom Whisky flog Quax den Jet zu ,10.336450815200806,Sylvia wagt quick den Jux bei Pforzheim.Stanleys Expeditionszug quer durch Afrika wird von jedermann bewundert.Prall vom Whisky flog Quax den Jet zu ,38.50604701042175,3,none,False,4
word typed,SPACE,1559750612.1746309,zu,0.2640347480773926,Prall vom Whisky flog Quax den Jet zu ,10.336450815200806,Sylvia wagt quick den Jux bei Pforzheim.Stanleys Expeditionszug quer durch Afrika wird von jedermann bewundert.Prall vom Whisky flog Quax den Jet zu ,38.50604701042175,3,False,False,4
key pressed,B,1559750612.374154,B,0.0,Prall vom Whisky flog Quax den Jet zu B,10.535974025726318,Sylvia wagt quick den Jux bei Pforzheim.Stanleys Expeditionszug quer durch Afrika wird von jedermann bewundert.Prall vom Whisky flog Quax den Jet zu B,38.705570220947266,3,none,False,4
key pressed,r,1559750612.55865,Br,0.1844959259033203,Prall vom Whisky flog Quax den Jet zu Br,10.720469951629639,Sylvia wagt quick den Jux bei Pforzheim.Stanleys Expeditionszug quer durch Afrika wird von jedermann bewundert.Prall vom Whisky flog Quax den Jet zu Br,38.890066146850586,3,none,False,4
key pressed,u,1559750612.958833,Bru,0.5846788883209229,Prall vom Whisky flog Quax den Jet zu Bru,11.120652914047241,Sylvia wagt quick den Jux bei Pforzheim.Stanleys Expeditionszug quer durch Afrika wird von jedermann bewundert.Prall vom Whisky flog Quax den Jet zu Bru,39.29024910926819,3,none,False,4
key pressed,c,1559750613.509847,Bruc,1.135692834854126,Prall vom Whisky flog Quax den Jet zu Bruc,11.671666860580444,Sylvia wagt quick den Jux bei Pforzheim.Stanleys Expeditionszug quer durch Afrika wird von jedermann bewundert.Prall vom Whisky flog Quax den Jet zu Bruc,39.84126305580139,3,none,False,4
key pressed,h,1559750613.6946619,Bruch,1.3205077648162842,Prall vom Whisky flog Quax den Jet zu Bruch,11.856481790542603,Sylvia wagt quick den Jux bei Pforzheim.Stanleys Expeditionszug quer durch Afrika wird von jedermann bewundert.Prall vom Whisky flog Quax den Jet zu Bruch,40.02607798576355,3,none,False,4
key pressed,.,1559750614.246652,Bruch.,1.872497797012329,Prall vom Whisky flog Quax den Jet zu Bruch.,12.408471822738647,Sylvia wagt quick den Jux bei Pforzheim.Stanleys Expeditionszug quer durch Afrika wird von jedermann bewundert.Prall vom Whisky flog Quax den Jet zu Bruch.,40.578068017959595,3,none,False,4
key pressed,ENTER,1559750614.502836,Bruch.,2.1286818981170654,"Prall vom Whisky flog Quax den Jet zu Bruch.
",12.664655923843384,"Sylvia wagt quick den Jux bei Pforzheim.Stanleys Expeditionszug quer durch Afrika wird von jedermann bewundert.Prall vom Whisky flog Quax den Jet zu Bruch.
",40.83425211906433,3,none,False,4
word typed,ENTER,1559750614.502836,Bruch.,2.1286818981170654,"Prall vom Whisky flog Quax den Jet zu Bruch.
",12.664655923843384,"Sylvia wagt quick den Jux bei Pforzheim.Stanleys Expeditionszug quer durch Afrika wird von jedermann bewundert.Prall vom Whisky flog Quax den Jet zu Bruch.
",40.83425211906433,3,False,False,4
sentence typed,ENTER,1559750614.502836,Bruch.,2.1286818981170654,"Prall vom Whisky flog Quax den Jet zu Bruch.
",12.664655923843384,"Sylvia wagt quick den Jux bei Pforzheim.Stanleys Expeditionszug quer durch Afrika wird von jedermann bewundert.Prall vom Whisky flog Quax den Jet zu Bruch.
",40.83425211906433,3,none,False,4
key pressed,J,1559750615.726697,J,0.0,J,0.0,Sylvia wagt quick den Jux bei Pforzheim.Stanleys Expeditionszug quer durch Afrika wird von jedermann bewundert.Prall vom Whisky flog Quax den Jet zu Bruch.J,42.05811309814453,4,none,False,4
key pressed,e,1559750615.838799,Je,0.11210203170776367,Je,0.11210203170776367,Sylvia wagt quick den Jux bei Pforzheim.Stanleys Expeditionszug quer durch Afrika wird von jedermann bewundert.Prall vom Whisky flog Quax den Jet zu Bruch.Je,42.170215129852295,4,none,False,4
key pressed,d,1559750616.006634,Jed,0.2799370288848877,Jed,0.2799370288848877,Sylvia wagt quick den Jux bei Pforzheim.Stanleys Expeditionszug quer durch Afrika wird von jedermann bewundert.Prall vom Whisky flog Quax den Jet zu Bruch.Jed,42.33805012702942,4,none,False,4
key pressed,e,1559750616.1585548,Jede,0.4318578243255615,Jede,0.4318578243255615,Sylvia wagt quick den Jux bei Pforzheim.Stanleys Expeditionszug quer durch Afrika wird von jedermann bewundert.Prall vom Whisky flog Quax den Jet zu Bruch.Jede,42.48997092247009,4,none,False,4
key pressed,r,1559750616.2386591,Jeder,0.5119621753692627,Jeder,0.5119621753692627,Sylvia wagt quick den Jux bei Pforzheim.Stanleys Expeditionszug quer durch Afrika wird von jedermann bewundert.Prall vom Whisky flog Quax den Jet zu Bruch.Jeder,42.570075273513794,4,none,False,4
key pressed,SPACE,1559750616.3903282,Jeder,0.6636312007904053,Jeder ,0.6636312007904053,Sylvia wagt quick den Jux bei Pforzheim.Stanleys Expeditionszug quer durch Afrika wird von jedermann bewundert.Prall vom Whisky flog Quax den Jet zu Bruch.Jeder ,42.72174429893494,4,none,False,4
word typed,SPACE,1559750616.3903282,Jeder,0.6636312007904053,Jeder ,0.6636312007904053,Sylvia wagt quick den Jux bei Pforzheim.Stanleys Expeditionszug quer durch Afrika wird von jedermann bewundert.Prall vom Whisky flog Quax den Jet zu Bruch.Jeder ,42.72174429893494,4,False,False,4
key pressed,w,1559750616.61474,w,0.0,Jeder w,0.8880429267883301,Sylvia wagt quick den Jux bei Pforzheim.Stanleys Expeditionszug quer durch Afrika wird von jedermann bewundert.Prall vom Whisky flog Quax den Jet zu Bruch.Jeder w,42.94615602493286,4,none,False,4
key pressed,a,1559750616.822811,wa,0.20807099342346191,Jeder wa,1.096113920211792,Sylvia wagt quick den Jux bei Pforzheim.Stanleys Expeditionszug quer durch Afrika wird von jedermann bewundert.Prall vom Whisky flog Quax den Jet zu Bruch.Jeder wa,43.15422701835632,4,none,False,4
key pressed,c,1559750617.006717,wac,0.39197707176208496,Jeder wac,1.280019998550415,Sylvia wagt quick den Jux bei Pforzheim.Stanleys Expeditionszug quer durch Afrika wird von jedermann bewundert.Prall vom Whisky flog Quax den Jet zu Bruch.Jeder wac,43.338133096694946,4,none,False,4
key pressed,k,1559750617.1346922,wack,0.5199522972106934,Jeder wack,1.4079952239990234,Sylvia wagt quick den Jux bei Pforzheim.Stanleys Expeditionszug quer durch Afrika wird von jedermann bewundert.Prall vom Whisky flog Quax den Jet zu Bruch.Jeder wack,43.466108322143555,4,none,False,4
key pressed,e,1559750617.2547,wacke,0.6399600505828857,Jeder wacke,1.5280029773712158,Sylvia wagt quick den Jux bei Pforzheim.Stanleys Expeditionszug quer durch Afrika wird von jedermann bewundert.Prall vom Whisky flog Quax den Jet zu Bruch.Jeder wacke,43.58611607551575,4,none,False,4
key pressed,r,1559750617.359173,wacker,0.7444331645965576,Jeder wacker,1.6324760913848877,Sylvia wagt quick den Jux bei Pforzheim.Stanleys Expeditionszug quer durch Afrika wird von jedermann bewundert.Prall vom Whisky flog Quax den Jet zu Bruch.Jeder wacker,43.69058918952942,4,none,False,4
key pressed,e,1559750617.4786801,wackere,0.8639402389526367,Jeder wackere,1.7519831657409668,Sylvia wagt quick den Jux bei Pforzheim.Stanleys Expeditionszug quer durch Afrika wird von jedermann bewundert.Prall vom Whisky flog Quax den Jet zu Bruch.Jeder wackere,43.8100962638855,4,none,False,4
key pressed,SPACE,1559750617.678612,wackere,1.0638720989227295,Jeder wackere ,1.9519150257110596,Sylvia wagt quick den Jux bei Pforzheim.Stanleys Expeditionszug quer durch Afrika wird von jedermann bewundert.Prall vom Whisky flog Quax den Jet zu Bruch.Jeder wackere ,44.01002812385559,4,none,False,4
word typed,SPACE,1559750617.678612,wackere,1.0638720989227295,Jeder wackere ,1.9519150257110596,Sylvia wagt quick den Jux bei Pforzheim.Stanleys Expeditionszug quer durch Afrika wird von jedermann bewundert.Prall vom Whisky flog Quax den Jet zu Bruch.Jeder wackere ,44.01002812385559,4,False,False,4
key pressed,B,1559750618.0468621,B,0.0,Jeder wackere B,2.3201651573181152,Sylvia wagt quick den Jux bei Pforzheim.Stanleys Expeditionszug quer durch Afrika wird von jedermann bewundert.Prall vom Whisky flog Quax den Jet zu Bruch.Jeder wackere B,44.37827825546265,4,none,False,4
key pressed,a,1559750618.254733,Ba,0.2078709602355957,Jeder wackere Ba,2.528036117553711,Sylvia wagt quick den Jux bei Pforzheim.Stanleys Expeditionszug quer durch Afrika wird von jedermann bewundert.Prall vom Whisky flog Quax den Jet zu Bruch.Jeder wackere Ba,44.58614921569824,4,none,False,4
key pressed,y,1559750618.486881,Bay,0.440018892288208,Jeder wackere Bay,2.7601840496063232,Sylvia wagt quick den Jux bei Pforzheim.Stanleys Expeditionszug quer durch Afrika wird von jedermann bewundert.Prall vom Whisky flog Quax den Jet zu Bruch.Jeder wackere Bay,44.818297147750854,4,none,False,4
key pressed,e,1559750618.774799,Baye,0.7279369831085205,Jeder wackere Baye,3.0481021404266357,Sylvia wagt quick den Jux bei Pforzheim.Stanleys Expeditionszug quer durch Afrika wird von jedermann bewundert.Prall vom Whisky flog Quax den Jet zu Bruch.Jeder wackere Baye,45.10621523857117,4,none,False,4
key pressed,r,1559750618.894228,Bayer,0.8473658561706543,Jeder wackere Bayer,3.1675310134887695,Sylvia wagt quick den Jux bei Pforzheim.Stanleys Expeditionszug quer durch Afrika wird von jedermann bewundert.Prall vom Whisky flog Quax den Jet zu Bruch.Jeder wackere Bayer,45.2256441116333,4,none,False,4
key pressed,SPACE,1559750619.0468118,Bayer,0.9999496936798096,Jeder wackere Bayer ,3.320114850997925,Sylvia wagt quick den Jux bei Pforzheim.Stanleys Expeditionszug quer durch Afrika wird von jedermann bewundert.Prall vom Whisky flog Quax den Jet zu Bruch.Jeder wackere Bayer ,45.378227949142456,4,none,False,4
word typed,SPACE,1559750619.0468118,Bayer,0.9999496936798096,Jeder wackere Bayer ,3.320114850997925,Sylvia wagt quick den Jux bei Pforzheim.Stanleys Expeditionszug quer durch Afrika wird von jedermann bewundert.Prall vom Whisky flog Quax den Jet zu Bruch.Jeder wackere Bayer ,45.378227949142456,4,False,False,4
key pressed,v,1559750619.358916,v,0.0,Jeder wackere Bayer v,3.632219076156616,Sylvia wagt quick den Jux bei Pforzheim.Stanleys Expeditionszug quer durch Afrika wird von jedermann bewundert.Prall vom Whisky flog Quax den Jet zu Bruch.Jeder wackere Bayer v,45.69033217430115,4,none,False,4
key pressed,e,1559750619.52689,ve,0.16797399520874023,Jeder wackere Bayer ve,3.8001930713653564,Sylvia wagt quick den Jux bei Pforzheim.Stanleys Expeditionszug quer durch Afrika wird von jedermann bewundert.Prall vom Whisky flog Quax den Jet zu Bruch.Jeder wackere Bayer ve,45.85830616950989,4,none,False,4
key pressed,r,1559750619.670858,ver,0.31194186210632324,Jeder wackere Bayer ver,3.9441609382629395,Sylvia wagt quick den Jux bei Pforzheim.Stanleys Expeditionszug quer durch Afrika wird von jedermann bewundert.Prall vom Whisky flog Quax den Jet zu Bruch.Jeder wackere Bayer ver,46.00227403640747,4,none,False,4
key pressed,t,1559750619.8629692,vert,0.5040531158447266,Jeder wackere Bayer vert,4.136272192001343,Sylvia wagt quick den Jux bei Pforzheim.Stanleys Expeditionszug quer durch Afrika wird von jedermann bewundert.Prall vom Whisky flog Quax den Jet zu Bruch.Jeder wackere Bayer vert,46.194385290145874,4,none,False,4
key pressed,i,1559750619.990734,verti,0.6318180561065674,Jeder wackere Bayer verti,4.264037132263184,Sylvia wagt quick den Jux bei Pforzheim.Stanleys Expeditionszug quer durch Afrika wird von jedermann bewundert.Prall vom Whisky flog Quax den Jet zu Bruch.Jeder wackere Bayer verti,46.322150230407715,4,none,False,4
key pressed,g,1559750620.1588092,vertig,0.7998931407928467,Jeder wackere Bayer vertig,4.432112216949463,Sylvia wagt quick den Jux bei Pforzheim.Stanleys Expeditionszug quer durch Afrika wird von jedermann bewundert.Prall vom Whisky flog Quax den Jet zu Bruch.Jeder wackere Bayer vertig,46.490225315093994,4,none,False,4
key pressed,l,1559750620.278956,vertigl,0.9200398921966553,Jeder wackere Bayer vertigl,4.5522589683532715,Sylvia wagt quick den Jux bei Pforzheim.Stanleys Expeditionszug quer durch Afrika wird von jedermann bewundert.Prall vom Whisky flog Quax den Jet zu Bruch.Jeder wackere Bayer vertigl,46.6103720664978,4,none,False,4
key pressed,t,1559750620.414691,vertiglt,1.0557749271392822,Jeder wackere Bayer vertiglt,4.687994003295898,Sylvia wagt quick den Jux bei Pforzheim.Stanleys Expeditionszug quer durch Afrika wird von jedermann bewundert.Prall vom Whisky flog Quax den Jet zu Bruch.Jeder wackere Bayer vertiglt,46.74610710144043,4,none,False,4
key pressed,SPACE,1559750620.5668259,vertiglt,1.2079098224639893,Jeder wackere Bayer vertiglt ,4.8401288986206055,Sylvia wagt quick den Jux bei Pforzheim.Stanleys Expeditionszug quer durch Afrika wird von jedermann bewundert.Prall vom Whisky flog Quax den Jet zu Bruch.Jeder wackere Bayer vertiglt ,46.89824199676514,4,none,False,4
word typed,SPACE,1559750620.5668259,vertiglt,1.2079098224639893,Jeder wackere Bayer vertiglt ,4.8401288986206055,Sylvia wagt quick den Jux bei Pforzheim.Stanleys Expeditionszug quer durch Afrika wird von jedermann bewundert.Prall vom Whisky flog Quax den Jet zu Bruch.Jeder wackere Bayer vertiglt ,46.89824199676514,4,False,False,4
key pressed,b,1559750621.5348868,b,0.0,Jeder wackere Bayer vertiglt b,5.808189868927002,Sylvia wagt quick den Jux bei Pforzheim.Stanleys Expeditionszug quer durch Afrika wird von jedermann bewundert.Prall vom Whisky flog Quax den Jet zu Bruch.Jeder wackere Bayer vertiglt b,47.86630296707153,4,none,False,4
key pressed,e,1559750621.670722,be,0.1358351707458496,Jeder wackere Bayer vertiglt be,5.944025039672852,Sylvia wagt quick den Jux bei Pforzheim.Stanleys Expeditionszug quer durch Afrika wird von jedermann bewundert.Prall vom Whisky flog Quax den Jet zu Bruch.Jeder wackere Bayer vertiglt be,48.00213813781738,4,none,False,4
key pressed,q,1559750621.87906,beq,0.3441731929779053,Jeder wackere Bayer vertiglt beq,6.152363061904907,Sylvia wagt quick den Jux bei Pforzheim.Stanleys Expeditionszug quer durch Afrika wird von jedermann bewundert.Prall vom Whisky flog Quax den Jet zu Bruch.Jeder wackere Bayer vertiglt beq,48.21047616004944,4,none,False,4
key pressed,u,1559750622.006827,bequ,0.471940279006958,Jeder wackere Bayer vertiglt bequ,6.28013014793396,Sylvia wagt quick den Jux bei Pforzheim.Stanleys Expeditionszug quer durch Afrika wird von jedermann bewundert.Prall vom Whisky flog Quax den Jet zu Bruch.Jeder wackere Bayer vertiglt bequ,48.33824324607849,4,none,False,4
key pressed,e,1559750622.1508029,beque,0.6159160137176514,Jeder wackere Bayer vertiglt beque,6.424105882644653,Sylvia wagt quick den Jux bei Pforzheim.Stanleys Expeditionszug quer durch Afrika wird von jedermann bewundert.Prall vom Whisky flog Quax den Jet zu Bruch.Jeder wackere Bayer vertiglt beque,48.482218980789185,4,none,False,4
key pressed,m,1559750622.4469771,bequem,0.9120903015136719,Jeder wackere Bayer vertiglt bequem,6.720280170440674,Sylvia wagt quick den Jux bei Pforzheim.Stanleys Expeditionszug quer durch Afrika wird von jedermann bewundert.Prall vom Whisky flog Quax den Jet zu Bruch.Jeder wackere Bayer vertiglt bequem,48.778393268585205,4,none,False,4
key pressed,SPACE,1559750622.718914,bequem,1.1840271949768066,Jeder wackere Bayer vertiglt bequem ,6.992217063903809,Sylvia wagt quick den Jux bei Pforzheim.Stanleys Expeditionszug quer durch Afrika wird von jedermann bewundert.Prall vom Whisky flog Quax den Jet zu Bruch.Jeder wackere Bayer vertiglt bequem ,49.05033016204834,4,none,False,4
word typed,SPACE,1559750622.718914,bequem,1.1840271949768066,Jeder wackere Bayer vertiglt bequem ,6.992217063903809,Sylvia wagt quick den Jux bei Pforzheim.Stanleys Expeditionszug quer durch Afrika wird von jedermann bewundert.Prall vom Whisky flog Quax den Jet zu Bruch.Jeder wackere Bayer vertiglt bequem ,49.05033016204834,4,False,False,4
key pressed,z,1559750623.5908349,z,0.0,Jeder wackere Bayer vertiglt bequem z,7.864137887954712,Sylvia wagt quick den Jux bei Pforzheim.Stanleys Expeditionszug quer durch Afrika wird von jedermann bewundert.Prall vom Whisky flog Quax den Jet zu Bruch.Jeder wackere Bayer vertiglt bequem z,49.92225098609924,4,none,False,4
key pressed,w,1559750623.734928,zw,0.14409303665161133,Jeder wackere Bayer vertiglt bequem zw,8.008230924606323,Sylvia wagt quick den Jux bei Pforzheim.Stanleys Expeditionszug quer durch Afrika wird von jedermann bewundert.Prall vom Whisky flog Quax den Jet zu Bruch.Jeder wackere Bayer vertiglt bequem zw,50.066344022750854,4,none,False,4
key pressed,o,1559750623.91088,zwo,0.32004523277282715,Jeder wackere Bayer vertiglt bequem zwo,8.184183120727539,Sylvia wagt quick den Jux bei Pforzheim.Stanleys Expeditionszug quer durch Afrika wird von jedermann bewundert.Prall vom Whisky flog Quax den Jet zu Bruch.Jeder wackere Bayer vertiglt bequem zwo,50.24229621887207,4,none,False,4
key pressed,SPACE,1559750624.2069561,zwo,0.6161212921142578,Jeder wackere Bayer vertiglt bequem zwo ,8.48025918006897,Sylvia wagt quick den Jux bei Pforzheim.Stanleys Expeditionszug quer durch Afrika wird von jedermann bewundert.Prall vom Whisky flog Quax den Jet zu Bruch.Jeder wackere Bayer vertiglt bequem zwo ,50.5383722782135,4,none,False,4
word typed,SPACE,1559750624.2069561,zwo,0.6161212921142578,Jeder wackere Bayer vertiglt bequem zwo ,8.48025918006897,Sylvia wagt quick den Jux bei Pforzheim.Stanleys Expeditionszug quer durch Afrika wird von jedermann bewundert.Prall vom Whisky flog Quax den Jet zu Bruch.Jeder wackere Bayer vertiglt bequem zwo ,50.5383722782135,4,False,False,4
key pressed,P,1559750624.6070662,P,0.0,Jeder wackere Bayer vertiglt bequem zwo P,8.880369186401367,Sylvia wagt quick den Jux bei Pforzheim.Stanleys Expeditionszug quer durch Afrika wird von jedermann bewundert.Prall vom Whisky flog Quax den Jet zu Bruch.Jeder wackere Bayer vertiglt bequem zwo P,50.9384822845459,4,none,False,4
key pressed,f,1559750624.911078,Pf,0.30401182174682617,Jeder wackere Bayer vertiglt bequem zwo Pf,9.184381008148193,Sylvia wagt quick den Jux bei Pforzheim.Stanleys Expeditionszug quer durch Afrika wird von jedermann bewundert.Prall vom Whisky flog Quax den Jet zu Bruch.Jeder wackere Bayer vertiglt bequem zwo Pf,51.242494106292725,4,none,False,4
key pressed,u,1559750625.142967,Pfu,0.5359008312225342,Jeder wackere Bayer vertiglt bequem zwo Pfu,9.416270017623901,Sylvia wagt quick den Jux bei Pforzheim.Stanleys Expeditionszug quer durch Afrika wird von jedermann bewundert.Prall vom Whisky flog Quax den Jet zu Bruch.Jeder wackere Bayer vertiglt bequem zwo Pfu,51.47438311576843,4,none,False,4
key pressed,n,1559750625.3590999,Pfun,0.7520337104797363,Jeder wackere Bayer vertiglt bequem zwo Pfun,9.632402896881104,Sylvia wagt quick den Jux bei Pforzheim.Stanleys Expeditionszug quer durch Afrika wird von jedermann bewundert.Prall vom Whisky flog Quax den Jet zu Bruch.Jeder wackere Bayer vertiglt bequem zwo Pfun,51.690515995025635,4,none,False,4
key pressed,d,1559750625.519014,Pfund,0.9119477272033691,Jeder wackere Bayer vertiglt bequem zwo Pfund,9.792316913604736,Sylvia wagt quick den Jux bei Pforzheim.Stanleys Expeditionszug quer durch Afrika wird von jedermann bewundert.Prall vom Whisky flog Quax den Jet zu Bruch.Jeder wackere Bayer vertiglt bequem zwo Pfund,51.85043001174927,4,none,False,4
key pressed,SPACE,1559750625.6548831,Pfund,1.0478169918060303,Jeder wackere Bayer vertiglt bequem zwo Pfund ,9.928186178207397,Sylvia wagt quick den Jux bei Pforzheim.Stanleys Expeditionszug quer durch Afrika wird von jedermann bewundert.Prall vom Whisky flog Quax den Jet zu Bruch.Jeder wackere Bayer vertiglt bequem zwo Pfund ,51.98629927635193,4,none,False,4
word typed,SPACE,1559750625.6548831,Pfund,1.0478169918060303,Jeder wackere Bayer vertiglt bequem zwo Pfund ,9.928186178207397,Sylvia wagt quick den Jux bei Pforzheim.Stanleys Expeditionszug quer durch Afrika wird von jedermann bewundert.Prall vom Whisky flog Quax den Jet zu Bruch.Jeder wackere Bayer vertiglt bequem zwo Pfund ,51.98629927635193,4,False,False,4
key pressed,K,1559750625.999151,K,0.0,Jeder wackere Bayer vertiglt bequem zwo Pfund K,10.272454023361206,Sylvia wagt quick den Jux bei Pforzheim.Stanleys Expeditionszug quer durch Afrika wird von jedermann bewundert.Prall vom Whisky flog Quax den Jet zu Bruch.Jeder wackere Bayer vertiglt bequem zwo Pfund K,52.33056712150574,4,none,False,4
key pressed,a,1559750626.1829739,Ka,0.1838228702545166,Jeder wackere Bayer vertiglt bequem zwo Pfund Ka,10.456276893615723,Sylvia wagt quick den Jux bei Pforzheim.Stanleys Expeditionszug quer durch Afrika wird von jedermann bewundert.Prall vom Whisky flog Quax den Jet zu Bruch.Jeder wackere Bayer vertiglt bequem zwo Pfund Ka,52.514389991760254,4,none,False,4
key pressed,l,1559750626.31919,Kal,0.3200390338897705,Jeder wackere Bayer vertiglt bequem zwo Pfund Kal,10.592493057250977,Sylvia wagt quick den Jux bei Pforzheim.Stanleys Expeditionszug quer durch Afrika wird von jedermann bewundert.Prall vom Whisky flog Quax den Jet zu Bruch.Jeder wackere Bayer vertiglt bequem zwo Pfund Kal,52.65060615539551,4,none,False,4
key pressed,b,1559750626.622978,Kalb,0.6238269805908203,Jeder wackere Bayer vertiglt bequem zwo Pfund Kalb,10.896281003952026,Sylvia wagt quick den Jux bei Pforzheim.Stanleys Expeditionszug quer durch Afrika wird von jedermann bewundert.Prall vom Whisky flog Quax den Jet zu Bruch.Jeder wackere Bayer vertiglt bequem zwo Pfund Kalb,52.95439410209656,4,none,False,4
key pressed,s,1559750626.863202,Kalbs,0.864051103591919,Jeder wackere Bayer vertiglt bequem zwo Pfund Kalbs,11.136505126953125,Sylvia wagt quick den Jux bei Pforzheim.Stanleys Expeditionszug quer durch Afrika wird von jedermann bewundert.Prall vom Whisky flog Quax den Jet zu Bruch.Jeder wackere Bayer vertiglt bequem zwo Pfund Kalbs,53.194618225097656,4,none,False,4
key pressed,h,1559750627.1990132,Kalbsh,1.1998622417449951,Jeder wackere Bayer vertiglt bequem zwo Pfund Kalbsh,11.472316265106201,Sylvia wagt quick den Jux bei Pforzheim.Stanleys Expeditionszug quer durch Afrika wird von jedermann bewundert.Prall vom Whisky flog Quax den Jet zu Bruch.Jeder wackere Bayer vertiglt bequem zwo Pfund Kalbsh,53.53042936325073,4,none,False,4
key pressed,a,1559750627.319179,Kalbsha,1.3200280666351318,Jeder wackere Bayer vertiglt bequem zwo Pfund Kalbsha,11.592482089996338,Sylvia wagt quick den Jux bei Pforzheim.Stanleys Expeditionszug quer durch Afrika wird von jedermann bewundert.Prall vom Whisky flog Quax den Jet zu Bruch.Jeder wackere Bayer vertiglt bequem zwo Pfund Kalbsha,53.65059518814087,4,none,False,4
key pressed,x,1559750627.5589602,Kalbshax,1.5598092079162598,Jeder wackere Bayer vertiglt bequem zwo Pfund Kalbshax,11.832263231277466,Sylvia wagt quick den Jux bei Pforzheim.Stanleys Expeditionszug quer durch Afrika wird von jedermann bewundert.Prall vom Whisky flog Quax den Jet zu Bruch.Jeder wackere Bayer vertiglt bequem zwo Pfund Kalbshax,53.890376329422,4,none,False,4
key pressed,e,1559750627.8951218,Kalbshaxe,1.8959708213806152,Jeder wackere Bayer vertiglt bequem zwo Pfund Kalbshaxe,12.168424844741821,Sylvia wagt quick den Jux bei Pforzheim.Stanleys Expeditionszug quer durch Afrika wird von jedermann bewundert.Prall vom Whisky flog Quax den Jet zu Bruch.Jeder wackere Bayer vertiglt bequem zwo Pfund Kalbshaxe,54.22653794288635,4,none,False,4
key pressed,n,1559750628.039069,Kalbshaxen,2.0399179458618164,Jeder wackere Bayer vertiglt bequem zwo Pfund Kalbshaxen,12.312371969223022,Sylvia wagt quick den Jux bei Pforzheim.Stanleys Expeditionszug quer durch Afrika wird von jedermann bewundert.Prall vom Whisky flog Quax den Jet zu Bruch.Jeder wackere Bayer vertiglt bequem zwo Pfund Kalbshaxen,54.370485067367554,4,none,False,4
key pressed,.,1559750628.830962,Kalbshaxen.,2.83181095123291,Jeder wackere Bayer vertiglt bequem zwo Pfund Kalbshaxen.,13.104264974594116,Sylvia wagt quick den Jux bei Pforzheim.Stanleys Expeditionszug quer durch Afrika wird von jedermann bewundert.Prall vom Whisky flog Quax den Jet zu Bruch.Jeder wackere Bayer vertiglt bequem zwo Pfund Kalbshaxen.,55.16237807273865,4,none,False,4
key pressed,ENTER,1559750629.495293,Kalbshaxen.,3.4961419105529785,"Jeder wackere Bayer vertiglt bequem zwo Pfund Kalbshaxen.
",13.768595933914185,"Sylvia wagt quick den Jux bei Pforzheim.Stanleys Expeditionszug quer durch Afrika wird von jedermann bewundert.Prall vom Whisky flog Quax den Jet zu Bruch.Jeder wackere Bayer vertiglt bequem zwo Pfund Kalbshaxen.
",55.826709032058716,4,none,False,4
word typed,ENTER,1559750629.495293,Kalbshaxen.,3.4961419105529785,"Jeder wackere Bayer vertiglt bequem zwo Pfund Kalbshaxen.
",13.768595933914185,"Sylvia wagt quick den Jux bei Pforzheim.Stanleys Expeditionszug quer durch Afrika wird von jedermann bewundert.Prall vom Whisky flog Quax den Jet zu Bruch.Jeder wackere Bayer vertiglt bequem zwo Pfund Kalbshaxen.
",55.826709032058716,4,False,False,4
sentence typed,ENTER,1559750629.495293,Kalbshaxen.,3.4961419105529785,"Jeder wackere Bayer vertiglt bequem zwo Pfund Kalbshaxen.
",13.768595933914185,"Sylvia wagt quick den Jux bei Pforzheim.Stanleys Expeditionszug quer durch Afrika wird von jedermann bewundert.Prall vom Whisky flog Quax den Jet zu Bruch.Jeder wackere Bayer vertiglt bequem zwo Pfund Kalbshaxen.
",55.826709032058716,4,none,False,4
key pressed,F,1559750631.0309381,F,0.0,F,0.0,Sylvia wagt quick den Jux bei Pforzheim.Stanleys Expeditionszug quer durch Afrika wird von jedermann bewundert.Prall vom Whisky flog Quax den Jet zu Bruch.Jeder wackere Bayer vertiglt bequem zwo Pfund Kalbshaxen.F,57.36235427856445,5,none,False,4
key pressed,r,1559750631.263104,Fr,0.23216581344604492,Fr,0.23216581344604492,Sylvia wagt quick den Jux bei Pforzheim.Stanleys Expeditionszug quer durch Afrika wird von jedermann bewundert.Prall vom Whisky flog Quax den Jet zu Bruch.Jeder wackere Bayer vertiglt bequem zwo Pfund Kalbshaxen.Fr,57.5945200920105,5,none,False,4
key pressed,a,1559750631.3752189,Fra,0.3442807197570801,Fra,0.3442807197570801,Sylvia wagt quick den Jux bei Pforzheim.Stanleys Expeditionszug quer durch Afrika wird von jedermann bewundert.Prall vom Whisky flog Quax den Jet zu Bruch.Jeder wackere Bayer vertiglt bequem zwo Pfund Kalbshaxen.Fra,57.70663499832153,5,none,False,4
key pressed,n,1559750631.5031822,Fran,0.4722440242767334,Fran,0.4722440242767334,Sylvia wagt quick den Jux bei Pforzheim.Stanleys Expeditionszug quer durch Afrika wird von jedermann bewundert.Prall vom Whisky flog Quax den Jet zu Bruch.Jeder wackere Bayer vertiglt bequem zwo Pfund Kalbshaxen.Fran,57.83459830284119,5,none,False,4
key pressed,z,1559750631.847177,Franz,0.8162388801574707,Franz,0.8162388801574707,Sylvia wagt quick den Jux bei Pforzheim.Stanleys Expeditionszug quer durch Afrika wird von jedermann bewundert.Prall vom Whisky flog Quax den Jet zu Bruch.Jeder wackere Bayer vertiglt bequem zwo Pfund Kalbshaxen.Franz,58.178593158721924,5,none,False,4
key pressed,SPACE,1559750632.01503,Franz,0.9840917587280273,Franz ,0.9840917587280273,Sylvia wagt quick den Jux bei Pforzheim.Stanleys Expeditionszug quer durch Afrika wird von jedermann bewundert.Prall vom Whisky flog Quax den Jet zu Bruch.Jeder wackere Bayer vertiglt bequem zwo Pfund Kalbshaxen.Franz ,58.34644603729248,5,none,False,4
word typed,SPACE,1559750632.01503,Franz,0.9840917587280273,Franz ,0.9840917587280273,Sylvia wagt quick den Jux bei Pforzheim.Stanleys Expeditionszug quer durch Afrika wird von jedermann bewundert.Prall vom Whisky flog Quax den Jet zu Bruch.Jeder wackere Bayer vertiglt bequem zwo Pfund Kalbshaxen.Franz ,58.34644603729248,5,False,False,4
key pressed,j,1559750632.26302,j,0.0,Franz j,1.2320818901062012,Sylvia wagt quick den Jux bei Pforzheim.Stanleys Expeditionszug quer durch Afrika wird von jedermann bewundert.Prall vom Whisky flog Quax den Jet zu Bruch.Jeder wackere Bayer vertiglt bequem zwo Pfund Kalbshaxen.Franz j,58.594436168670654,5,none,False,4
key pressed,a,1559750632.415139,ja,0.15211892127990723,Franz ja,1.3842008113861084,Sylvia wagt quick den Jux bei Pforzheim.Stanleys Expeditionszug quer durch Afrika wird von jedermann bewundert.Prall vom Whisky flog Quax den Jet zu Bruch.Jeder wackere Bayer vertiglt bequem zwo Pfund Kalbshaxen.Franz ja,58.74655508995056,5,none,False,4
key pressed,g,1559750633.31108,jag,1.0480599403381348,Franz jag,2.280141830444336,Sylvia wagt quick den Jux bei Pforzheim.Stanleys Expeditionszug quer durch Afrika wird von jedermann bewundert.Prall vom Whisky flog Quax den Jet zu Bruch.Jeder wackere Bayer vertiglt bequem zwo Pfund Kalbshaxen.Franz jag,59.64249610900879,5,none,False,4
key pressed,t,1559750633.4711611,jagt,1.2081410884857178,Franz jagt,2.440222978591919,Sylvia wagt quick den Jux bei Pforzheim.Stanleys Expeditionszug quer durch Afrika wird von jedermann bewundert.Prall vom Whisky flog Quax den Jet zu Bruch.Jeder wackere Bayer vertiglt bequem zwo Pfund Kalbshaxen.Franz jagt,59.80257725715637,5,none,False,4
key pressed,SPACE,1559750633.6391401,jagt,1.3761200904846191,Franz jagt ,2.6082019805908203,Sylvia wagt quick den Jux bei Pforzheim.Stanleys Expeditionszug quer durch Afrika wird von jedermann bewundert.Prall vom Whisky flog Quax den Jet zu Bruch.Jeder wackere Bayer vertiglt bequem zwo Pfund Kalbshaxen.Franz jagt ,59.97055625915527,5,none,False,4
word typed,SPACE,1559750633.6391401,jagt,1.3761200904846191,Franz jagt ,2.6082019805908203,Sylvia wagt quick den Jux bei Pforzheim.Stanleys Expeditionszug quer durch Afrika wird von jedermann bewundert.Prall vom Whisky flog Quax den Jet zu Bruch.Jeder wackere Bayer vertiglt bequem zwo Pfund Kalbshaxen.Franz jagt ,59.97055625915527,5,False,False,4
key pressed,i,1559750633.86329,i,0.0,Franz jagt i,2.8323519229888916,Sylvia wagt quick den Jux bei Pforzheim.Stanleys Expeditionszug quer durch Afrika wird von jedermann bewundert.Prall vom Whisky flog Quax den Jet zu Bruch.Jeder wackere Bayer vertiglt bequem zwo Pfund Kalbshaxen.Franz jagt i,60.194706201553345,5,none,False,4
key pressed,m,1559750634.119139,im,0.25584888458251953,Franz jagt im,3.088200807571411,Sylvia wagt quick den Jux bei Pforzheim.Stanleys Expeditionszug quer durch Afrika wird von jedermann bewundert.Prall vom Whisky flog Quax den Jet zu Bruch.Jeder wackere Bayer vertiglt bequem zwo Pfund Kalbshaxen.Franz jagt im,60.450555086135864,5,none,False,4
key pressed,SPACE,1559750634.303339,im,0.4400489330291748,Franz jagt im ,3.2724008560180664,Sylvia wagt quick den Jux bei Pforzheim.Stanleys Expeditionszug quer durch Afrika wird von jedermann bewundert.Prall vom Whisky flog Quax den Jet zu Bruch.Jeder wackere Bayer vertiglt bequem zwo Pfund Kalbshaxen.Franz jagt im ,60.63475513458252,5,none,False,4
word typed,SPACE,1559750634.303339,im,0.4400489330291748,Franz jagt im ,3.2724008560180664,Sylvia wagt quick den Jux bei Pforzheim.Stanleys Expeditionszug quer durch Afrika wird von jedermann bewundert.Prall vom Whisky flog Quax den Jet zu Bruch.Jeder wackere Bayer vertiglt bequem zwo Pfund Kalbshaxen.Franz jagt im ,60.63475513458252,5,False,False,4
key pressed,k,1559750634.575207,k,0.0,Franz jagt im k,3.544268846511841,Sylvia wagt quick den Jux bei Pforzheim.Stanleys Expeditionszug quer durch Afrika wird von jedermann bewundert.Prall vom Whisky flog Quax den Jet zu Bruch.Jeder wackere Bayer vertiglt bequem zwo Pfund Kalbshaxen.Franz jagt im k,60.906623125076294,5,none,False,4
key pressed,o,1559750634.7671318,ko,0.1919248104095459,Franz jagt im ko,3.7361936569213867,Sylvia wagt quick den Jux bei Pforzheim.Stanleys Expeditionszug quer durch Afrika wird von jedermann bewundert.Prall vom Whisky flog Quax den Jet zu Bruch.Jeder wackere Bayer vertiglt bequem zwo Pfund Kalbshaxen.Franz jagt im ko,61.09854793548584,5,none,False,4
key pressed,m,1559750634.967356,kom,0.3921489715576172,Franz jagt im kom,3.936417818069458,Sylvia wagt quick den Jux bei Pforzheim.Stanleys Expeditionszug quer durch Afrika wird von jedermann bewundert.Prall vom Whisky flog Quax den Jet zu Bruch.Jeder wackere Bayer vertiglt bequem zwo Pfund Kalbshaxen.Franz jagt im kom,61.29877209663391,5,none,False,4
key pressed,p,1559750635.199201,komp,0.6239941120147705,Franz jagt im komp,4.168262958526611,Sylvia wagt quick den Jux bei Pforzheim.Stanleys Expeditionszug quer durch Afrika wird von jedermann bewundert.Prall vom Whisky flog Quax den Jet zu Bruch.Jeder wackere Bayer vertiglt bequem zwo Pfund Kalbshaxen.Franz jagt im komp,61.530617237091064,5,none,False,4
key pressed,l,1559750635.455462,kompl,0.8802549839019775,Franz jagt im kompl,4.424523830413818,Sylvia wagt quick den Jux bei Pforzheim.Stanleys Expeditionszug quer durch Afrika wird von jedermann bewundert.Prall vom Whisky flog Quax den Jet zu Bruch.Jeder wackere Bayer vertiglt bequem zwo Pfund Kalbshaxen.Franz jagt im kompl,61.78687810897827,5,none,False,4
key pressed,e,1559750635.631298,komple,1.056091070175171,Franz jagt im komple,4.600359916687012,Sylvia wagt quick den Jux bei Pforzheim.Stanleys Expeditionszug quer durch Afrika wird von jedermann bewundert.Prall vom Whisky flog Quax den Jet zu Bruch.Jeder wackere Bayer vertiglt bequem zwo Pfund Kalbshaxen.Franz jagt im komple,61.962714195251465,5,none,False,4
key pressed,t,1559750635.9754298,komplet,1.4002227783203125,Franz jagt im komplet,4.944491624832153,Sylvia wagt quick den Jux bei Pforzheim.Stanleys Expeditionszug quer durch Afrika wird von jedermann bewundert.Prall vom Whisky flog Quax den Jet zu Bruch.Jeder wackere Bayer vertiglt bequem zwo Pfund Kalbshaxen.Franz jagt im komplet,62.306845903396606,5,none,False,4
key pressed,SPACE,1559750636.1512902,komplet,1.5760831832885742,Franz jagt im komplet ,5.120352029800415,Sylvia wagt quick den Jux bei Pforzheim.Stanleys Expeditionszug quer durch Afrika wird von jedermann bewundert.Prall vom Whisky flog Quax den Jet zu Bruch.Jeder wackere Bayer vertiglt bequem zwo Pfund Kalbshaxen.Franz jagt im komplet ,62.48270630836487,5,none,False,4
word typed,SPACE,1559750636.1512902,komplet,1.5760831832885742,Franz jagt im komplet ,5.120352029800415,Sylvia wagt quick den Jux bei Pforzheim.Stanleys Expeditionszug quer durch Afrika wird von jedermann bewundert.Prall vom Whisky flog Quax den Jet zu Bruch.Jeder wackere Bayer vertiglt bequem zwo Pfund Kalbshaxen.Franz jagt im komplet ,62.48270630836487,5,False,False,4
key pressed,v,1559750636.879217,v,0.0,Franz jagt im komplet v,5.848278760910034,Sylvia wagt quick den Jux bei Pforzheim.Stanleys Expeditionszug quer durch Afrika wird von jedermann bewundert.Prall vom Whisky flog Quax den Jet zu Bruch.Jeder wackere Bayer vertiglt bequem zwo Pfund Kalbshaxen.Franz jagt im komplet v,63.21063303947449,5,none,False,4
key pressed,e,1559750637.031199,ve,0.15198206901550293,Franz jagt im komplet ve,6.000260829925537,Sylvia wagt quick den Jux bei Pforzheim.Stanleys Expeditionszug quer durch Afrika wird von jedermann bewundert.Prall vom Whisky flog Quax den Jet zu Bruch.Jeder wackere Bayer vertiglt bequem zwo Pfund Kalbshaxen.Franz jagt im komplet ve,63.36261510848999,5,none,False,4
key pressed,r,1559750637.255295,ver,0.37607812881469727,Franz jagt im komplet ver,6.2243568897247314,Sylvia wagt quick den Jux bei Pforzheim.Stanleys Expeditionszug quer durch Afrika wird von jedermann bewundert.Prall vom Whisky flog Quax den Jet zu Bruch.Jeder wackere Bayer vertiglt bequem zwo Pfund Kalbshaxen.Franz jagt im komplet ver,63.586711168289185,5,none,False,4
key pressed,w,1559750637.4154491,verw,0.5362322330474854,Franz jagt im komplet verw,6.3845109939575195,Sylvia wagt quick den Jux bei Pforzheim.Stanleys Expeditionszug quer durch Afrika wird von jedermann bewundert.Prall vom Whisky flog Quax den Jet zu Bruch.Jeder wackere Bayer vertiglt bequem zwo Pfund Kalbshaxen.Franz jagt im komplet verw,63.74686527252197,5,none,False,4
key pressed,a,1559750637.5754082,verwa,0.6961913108825684,Franz jagt im komplet verwa,6.5444700717926025,Sylvia wagt quick den Jux bei Pforzheim.Stanleys Expeditionszug quer durch Afrika wird von jedermann bewundert.Prall vom Whisky flog Quax den Jet zu Bruch.Jeder wackere Bayer vertiglt bequem zwo Pfund Kalbshaxen.Franz jagt im komplet verwa,63.906824350357056,5,none,False,4
key pressed,h,1559750637.743344,verwah,0.8641271591186523,Franz jagt im komplet verwah,6.7124059200286865,Sylvia wagt quick den Jux bei Pforzheim.Stanleys Expeditionszug quer durch Afrika wird von jedermann bewundert.Prall vom Whisky flog Quax den Jet zu Bruch.Jeder wackere Bayer vertiglt bequem zwo Pfund Kalbshaxen.Franz jagt im komplet verwah,64.07476019859314,5,none,False,4
key pressed,r,1559750637.855472,verwahr,0.9762551784515381,Franz jagt im komplet verwahr,6.824533939361572,Sylvia wagt quick den Jux bei Pforzheim.Stanleys Expeditionszug quer durch Afrika wird von jedermann bewundert.Prall vom Whisky flog Quax den Jet zu Bruch.Jeder wackere Bayer vertiglt bequem zwo Pfund Kalbshaxen.Franz jagt im komplet verwahr,64.18688821792603,5,none,False,4
key pressed,l,1559750638.0953999,verwahrl,1.2161829471588135,Franz jagt im komplet verwahrl,7.064461708068848,Sylvia wagt quick den Jux bei Pforzheim.Stanleys Expeditionszug quer durch Afrika wird von jedermann bewundert.Prall vom Whisky flog Quax den Jet zu Bruch.Jeder wackere Bayer vertiglt bequem zwo Pfund Kalbshaxen.Franz jagt im komplet verwahrl,64.4268159866333,5,none,False,4
key pressed,o,1559750638.279475,verwahrlo,1.4002580642700195,Franz jagt im komplet verwahrlo,7.248536825180054,Sylvia wagt quick den Jux bei Pforzheim.Stanleys Expeditionszug quer durch Afrika wird von jedermann bewundert.Prall vom Whisky flog Quax den Jet zu Bruch.Jeder wackere Bayer vertiglt bequem zwo Pfund Kalbshaxen.Franz jagt im komplet verwahrlo,64.6108911037445,5,none,False,4
key pressed,s,1559750638.3593972,verwahrlos,1.480180263519287,Franz jagt im komplet verwahrlos,7.328459024429321,Sylvia wagt quick den Jux bei Pforzheim.Stanleys Expeditionszug quer durch Afrika wird von jedermann bewundert.Prall vom Whisky flog Quax den Jet zu Bruch.Jeder wackere Bayer vertiglt bequem zwo Pfund Kalbshaxen.Franz jagt im komplet verwahrlos,64.69081330299377,5,none,False,4
key pressed,t,1559750638.5674071,verwahrlost,1.688190221786499,Franz jagt im komplet verwahrlost,7.536468982696533,Sylvia wagt quick den Jux bei Pforzheim.Stanleys Expeditionszug quer durch Afrika wird von jedermann bewundert.Prall vom Whisky flog Quax den Jet zu Bruch.Jeder wackere Bayer vertiglt bequem zwo Pfund Kalbshaxen.Franz jagt im komplet verwahrlost,64.89882326126099,5,none,False,4
key pressed,e,1559750638.711367,verwahrloste,1.8321499824523926,Franz jagt im komplet verwahrloste,7.680428743362427,Sylvia wagt quick den Jux bei Pforzheim.Stanleys Expeditionszug quer durch Afrika wird von jedermann bewundert.Prall vom Whisky flog Quax den Jet zu Bruch.Jeder wackere Bayer vertiglt bequem zwo Pfund Kalbshaxen.Franz jagt im komplet verwahrloste,65.04278302192688,5,none,False,4
key pressed,n,1559750638.855616,verwahrlosten,1.9763991832733154,Franz jagt im komplet verwahrlosten,7.82467794418335,Sylvia wagt quick den Jux bei Pforzheim.Stanleys Expeditionszug quer durch Afrika wird von jedermann bewundert.Prall vom Whisky flog Quax den Jet zu Bruch.Jeder wackere Bayer vertiglt bequem zwo Pfund Kalbshaxen.Franz jagt im komplet verwahrlosten,65.1870322227478,5,none,False,4
key pressed,SPACE,1559750639.039392,verwahrlosten,2.160175085067749,Franz jagt im komplet verwahrlosten ,8.008453845977783,Sylvia wagt quick den Jux bei Pforzheim.Stanleys Expeditionszug quer durch Afrika wird von jedermann bewundert.Prall vom Whisky flog Quax den Jet zu Bruch.Jeder wackere Bayer vertiglt bequem zwo Pfund Kalbshaxen.Franz jagt im komplet verwahrlosten ,65.37080812454224,5,none,False,4
word typed,SPACE,1559750639.039392,verwahrlosten,2.160175085067749,Franz jagt im komplet verwahrlosten ,8.008453845977783,Sylvia wagt quick den Jux bei Pforzheim.Stanleys Expeditionszug quer durch Afrika wird von jedermann bewundert.Prall vom Whisky flog Quax den Jet zu Bruch.Jeder wackere Bayer vertiglt bequem zwo Pfund Kalbshaxen.Franz jagt im komplet verwahrlosten ,65.37080812454224,5,False,False,4
key pressed,T,1559750639.9514492,T,0.0,Franz jagt im komplet verwahrlosten T,8.92051100730896,Sylvia wagt quick den Jux bei Pforzheim.Stanleys Expeditionszug quer durch Afrika wird von jedermann bewundert.Prall vom Whisky flog Quax den Jet zu Bruch.Jeder wackere Bayer vertiglt bequem zwo Pfund Kalbshaxen.Franz jagt im komplet verwahrlosten T,66.28286528587341,5,none,False,4
key pressed,a,1559750640.4636002,Ta,0.5121510028839111,Franz jagt im komplet verwahrlosten Ta,9.432662010192871,Sylvia wagt quick den Jux bei Pforzheim.Stanleys Expeditionszug quer durch Afrika wird von jedermann bewundert.Prall vom Whisky flog Quax den Jet zu Bruch.Jeder wackere Bayer vertiglt bequem zwo Pfund Kalbshaxen.Franz jagt im komplet verwahrlosten Ta,66.79501628875732,5,none,False,4
key pressed,x,1559750640.783626,Tax,0.832176923751831,Franz jagt im komplet verwahrlosten Tax,9.752687931060791,Sylvia wagt quick den Jux bei Pforzheim.Stanleys Expeditionszug quer durch Afrika wird von jedermann bewundert.Prall vom Whisky flog Quax den Jet zu Bruch.Jeder wackere Bayer vertiglt bequem zwo Pfund Kalbshaxen.Franz jagt im komplet verwahrlosten Tax,67.11504220962524,5,none,False,4
key pressed,i,1559750640.9914398,Taxi,1.0399906635284424,Franz jagt im komplet verwahrlosten Taxi,9.960501670837402,Sylvia wagt quick den Jux bei Pforzheim.Stanleys Expeditionszug quer durch Afrika wird von jedermann bewundert.Prall vom Whisky flog Quax den Jet zu Bruch.Jeder wackere Bayer vertiglt bequem zwo Pfund Kalbshaxen.Franz jagt im komplet verwahrlosten Taxi,67.32285594940186,5,none,False,4
key pressed,SPACE,1559750641.119457,Taxi,1.1680078506469727,Franz jagt im komplet verwahrlosten Taxi ,10.088518857955933,Sylvia wagt quick den Jux bei Pforzheim.Stanleys Expeditionszug quer durch Afrika wird von jedermann bewundert.Prall vom Whisky flog Quax den Jet zu Bruch.Jeder wackere Bayer vertiglt bequem zwo Pfund Kalbshaxen.Franz jagt im komplet verwahrlosten Taxi ,67.45087313652039,5,none,False,4
word typed,SPACE,1559750641.119457,Taxi,1.1680078506469727,Franz jagt im komplet verwahrlosten Taxi ,10.088518857955933,Sylvia wagt quick den Jux bei Pforzheim.Stanleys Expeditionszug quer durch Afrika wird von jedermann bewundert.Prall vom Whisky flog Quax den Jet zu Bruch.Jeder wackere Bayer vertiglt bequem zwo Pfund Kalbshaxen.Franz jagt im komplet verwahrlosten Taxi ,67.45087313652039,5,False,False,4
key pressed,q,1559750641.2717838,q,0.0,Franz jagt im komplet verwahrlosten Taxi q,10.240845680236816,Sylvia wagt quick den Jux bei Pforzheim.Stanleys Expeditionszug quer durch Afrika wird von jedermann bewundert.Prall vom Whisky flog Quax den Jet zu Bruch.Jeder wackere Bayer vertiglt bequem zwo Pfund Kalbshaxen.Franz jagt im komplet verwahrlosten Taxi q,67.60319995880127,5,none,False,4
key pressed,u,1559750641.399447,qu,0.12766313552856445,Franz jagt im komplet verwahrlosten Taxi qu,10.36850881576538,Sylvia wagt quick den Jux bei Pforzheim.Stanleys Expeditionszug quer durch Afrika wird von jedermann bewundert.Prall vom Whisky flog Quax den Jet zu Bruch.Jeder wackere Bayer vertiglt bequem zwo Pfund Kalbshaxen.Franz jagt im komplet verwahrlosten Taxi qu,67.73086309432983,5,none,False,4
key pressed,e,1559750641.5594282,que,0.2876443862915039,Franz jagt im komplet verwahrlosten Taxi que,10.52849006652832,Sylvia wagt quick den Jux bei Pforzheim.Stanleys Expeditionszug quer durch Afrika wird von jedermann bewundert.Prall vom Whisky flog Quax den Jet zu Bruch.Jeder wackere Bayer vertiglt bequem zwo Pfund Kalbshaxen.Franz jagt im komplet verwahrlosten Taxi que,67.89084434509277,5,none,False,4
key pressed,r,1559750641.687579,quer,0.41579508781433105,Franz jagt im komplet verwahrlosten Taxi quer,10.656640768051147,Sylvia wagt quick den Jux bei Pforzheim.Stanleys Expeditionszug quer durch Afrika wird von jedermann bewundert.Prall vom Whisky flog Quax den Jet zu Bruch.Jeder wackere Bayer vertiglt bequem zwo Pfund Kalbshaxen.Franz jagt im komplet verwahrlosten Taxi quer,68.0189950466156,5,none,False,4
key pressed,SPACE,1559750641.83152,quer,0.5597362518310547,Franz jagt im komplet verwahrlosten Taxi quer ,10.800581932067871,Sylvia wagt quick den Jux bei Pforzheim.Stanleys Expeditionszug quer durch Afrika wird von jedermann bewundert.Prall vom Whisky flog Quax den Jet zu Bruch.Jeder wackere Bayer vertiglt bequem zwo Pfund Kalbshaxen.Franz jagt im komplet verwahrlosten Taxi quer ,68.16293621063232,5,none,False,4
word typed,SPACE,1559750641.83152,quer,0.5597362518310547,Franz jagt im komplet verwahrlosten Taxi quer ,10.800581932067871,Sylvia wagt quick den Jux bei Pforzheim.Stanleys Expeditionszug quer durch Afrika wird von jedermann bewundert.Prall vom Whisky flog Quax den Jet zu Bruch.Jeder wackere Bayer vertiglt bequem zwo Pfund Kalbshaxen.Franz jagt im komplet verwahrlosten Taxi quer ,68.16293621063232,5,False,False,4
key pressed,d,1559750641.959557,d,0.0,Franz jagt im komplet verwahrlosten Taxi quer d,10.928618907928467,Sylvia wagt quick den Jux bei Pforzheim.Stanleys Expeditionszug quer durch Afrika wird von jedermann bewundert.Prall vom Whisky flog Quax den Jet zu Bruch.Jeder wackere Bayer vertiglt bequem zwo Pfund Kalbshaxen.Franz jagt im komplet verwahrlosten Taxi quer d,68.29097318649292,5,none,False,4
key pressed,u,1559750642.103549,du,0.14399194717407227,Franz jagt im komplet verwahrlosten Taxi quer du,11.072610855102539,Sylvia wagt quick den Jux bei Pforzheim.Stanleys Expeditionszug quer durch Afrika wird von jedermann bewundert.Prall vom Whisky flog Quax den Jet zu Bruch.Jeder wackere Bayer vertiglt bequem zwo Pfund Kalbshaxen.Franz jagt im komplet verwahrlosten Taxi quer du,68.43496513366699,5,none,False,4
key pressed,r,1559750642.223453,dur,0.26389598846435547,Franz jagt im komplet verwahrlosten Taxi quer dur,11.192514896392822,Sylvia wagt quick den Jux bei Pforzheim.Stanleys Expeditionszug quer durch Afrika wird von jedermann bewundert.Prall vom Whisky flog Quax den Jet zu Bruch.Jeder wackere Bayer vertiglt bequem zwo Pfund Kalbshaxen.Franz jagt im komplet verwahrlosten Taxi quer dur,68.55486917495728,5,none,False,4
key pressed,c,1559750642.447456,durc,0.4878988265991211,Franz jagt im komplet verwahrlosten Taxi quer durc,11.416517734527588,Sylvia wagt quick den Jux bei Pforzheim.Stanleys Expeditionszug quer durch Afrika wird von jedermann bewundert.Prall vom Whisky flog Quax den Jet zu Bruch.Jeder wackere Bayer vertiglt bequem zwo Pfund Kalbshaxen.Franz jagt im komplet verwahrlosten Taxi quer durc,68.77887201309204,5,none,False,4
key pressed,h,1559750642.591477,durch,0.6319198608398438,Franz jagt im komplet verwahrlosten Taxi quer durch,11.56053876876831,Sylvia wagt quick den Jux bei Pforzheim.Stanleys Expeditionszug quer durch Afrika wird von jedermann bewundert.Prall vom Whisky flog Quax den Jet zu Bruch.Jeder wackere Bayer vertiglt bequem zwo Pfund Kalbshaxen.Franz jagt im komplet verwahrlosten Taxi quer durch,68.92289304733276,5,none,False,4
key pressed,SPACE,1559750642.751404,durch,0.7918469905853271,Franz jagt im komplet verwahrlosten Taxi quer durch ,11.720465898513794,Sylvia wagt quick den Jux bei Pforzheim.Stanleys Expeditionszug quer durch Afrika wird von jedermann bewundert.Prall vom Whisky flog Quax den Jet zu Bruch.Jeder wackere Bayer vertiglt bequem zwo Pfund Kalbshaxen.Franz jagt im komplet verwahrlosten Taxi quer durch ,69.08282017707825,5,none,False,4
word typed,SPACE,1559750642.751404,durch,0.7918469905853271,Franz jagt im komplet verwahrlosten Taxi quer durch ,11.720465898513794,Sylvia wagt quick den Jux bei Pforzheim.Stanleys Expeditionszug quer durch Afrika wird von jedermann bewundert.Prall vom Whisky flog Quax den Jet zu Bruch.Jeder wackere Bayer vertiglt bequem zwo Pfund Kalbshaxen.Franz jagt im komplet verwahrlosten Taxi quer durch ,69.08282017707825,5,False,False,4
key pressed,B,1559750643.103669,B,0.0,Franz jagt im komplet verwahrlosten Taxi quer durch B,12.072730779647827,Sylvia wagt quick den Jux bei Pforzheim.Stanleys Expeditionszug quer durch Afrika wird von jedermann bewundert.Prall vom Whisky flog Quax den Jet zu Bruch.Jeder wackere Bayer vertiglt bequem zwo Pfund Kalbshaxen.Franz jagt im komplet verwahrlosten Taxi quer durch B,69.43508505821228,5,none,False,4
key pressed,a,1559750643.2554188,Ba,0.151749849319458,Franz jagt im komplet verwahrlosten Taxi quer durch Ba,12.224480628967285,Sylvia wagt quick den Jux bei Pforzheim.Stanleys Expeditionszug quer durch Afrika wird von jedermann bewundert.Prall vom Whisky flog Quax den Jet zu Bruch.Jeder wackere Bayer vertiglt bequem zwo Pfund Kalbshaxen.Franz jagt im komplet verwahrlosten Taxi quer durch Ba,69.58683490753174,5,none,False,4
key pressed,y,1559750643.4556859,Bay,0.3520169258117676,Franz jagt im komplet verwahrlosten Taxi quer durch Bay,12.424747705459595,Sylvia wagt quick den Jux bei Pforzheim.Stanleys Expeditionszug quer durch Afrika wird von jedermann bewundert.Prall vom Whisky flog Quax den Jet zu Bruch.Jeder wackere Bayer vertiglt bequem zwo Pfund Kalbshaxen.Franz jagt im komplet verwahrlosten Taxi quer durch Bay,69.78710198402405,5,none,False,4
key pressed,e,1559750643.703572,Baye,0.5999031066894531,Franz jagt im komplet verwahrlosten Taxi quer durch Baye,12.67263388633728,Sylvia wagt quick den Jux bei Pforzheim.Stanleys Expeditionszug quer durch Afrika wird von jedermann bewundert.Prall vom Whisky flog Quax den Jet zu Bruch.Jeder wackere Bayer vertiglt bequem zwo Pfund Kalbshaxen.Franz jagt im komplet verwahrlosten Taxi quer durch Baye,70.03498816490173,5,none,False,4
key pressed,r,1559750643.783701,Bayer,0.6800320148468018,Franz jagt im komplet verwahrlosten Taxi quer durch Bayer,12.752762794494629,Sylvia wagt quick den Jux bei Pforzheim.Stanleys Expeditionszug quer durch Afrika wird von jedermann bewundert.Prall vom Whisky flog Quax den Jet zu Bruch.Jeder wackere Bayer vertiglt bequem zwo Pfund Kalbshaxen.Franz jagt im komplet verwahrlosten Taxi quer durch Bayer,70.11511707305908,5,none,False,4
key pressed,n,1559750643.9353971,Bayern,0.8317282199859619,Franz jagt im komplet verwahrlosten Taxi quer durch Bayern,12.904458999633789,Sylvia wagt quick den Jux bei Pforzheim.Stanleys Expeditionszug quer durch Afrika wird von jedermann bewundert.Prall vom Whisky flog Quax den Jet zu Bruch.Jeder wackere Bayer vertiglt bequem zwo Pfund Kalbshaxen.Franz jagt im komplet verwahrlosten Taxi quer durch Bayern,70.26681327819824,5,none,False,4
key pressed,.,1559750644.535701,Bayern.,1.4320321083068848,Franz jagt im komplet verwahrlosten Taxi quer durch Bayern.,13.504762887954712,Sylvia wagt quick den Jux bei Pforzheim.Stanleys Expeditionszug quer durch Afrika wird von jedermann bewundert.Prall vom Whisky flog Quax den Jet zu Bruch.Jeder wackere Bayer vertiglt bequem zwo Pfund Kalbshaxen.Franz jagt im komplet verwahrlosten Taxi quer durch Bayern.,70.86711716651917,5,none,False,4
key pressed,ENTER,1559750645.06377,Bayern.,1.9601011276245117,"Franz jagt im komplet verwahrlosten Taxi quer durch Bayern.
",14.032831907272339,"Sylvia wagt quick den Jux bei Pforzheim.Stanleys Expeditionszug quer durch Afrika wird von jedermann bewundert.Prall vom Whisky flog Quax den Jet zu Bruch.Jeder wackere Bayer vertiglt bequem zwo Pfund Kalbshaxen.Franz jagt im komplet verwahrlosten Taxi quer durch Bayern.
",71.39518618583679,5,none,False,4
word typed,ENTER,1559750645.06377,Bayern.,1.9601011276245117,"Franz jagt im komplet verwahrlosten Taxi quer durch Bayern.
",14.032831907272339,"Sylvia wagt quick den Jux bei Pforzheim.Stanleys Expeditionszug quer durch Afrika wird von jedermann bewundert.Prall vom Whisky flog Quax den Jet zu Bruch.Jeder wackere Bayer vertiglt bequem zwo Pfund Kalbshaxen.Franz jagt im komplet verwahrlosten Taxi quer durch Bayern.
",71.39518618583679,5,False,False,4
sentence typed,ENTER,1559750645.06377,Bayern.,1.9601011276245117,"Franz jagt im komplet verwahrlosten Taxi quer durch Bayern.
",14.032831907272339,"Sylvia wagt quick den Jux bei Pforzheim.Stanleys Expeditionszug quer durch Afrika wird von jedermann bewundert.Prall vom Whisky flog Quax den Jet zu Bruch.Jeder wackere Bayer vertiglt bequem zwo Pfund Kalbshaxen.Franz jagt im komplet verwahrlosten Taxi quer durch Bayern.
",71.39518618583679,5,none,False,4
test finished,,1559750645.06377,,1.9601011276245117,,14.032831907272339,Sylvia wagt quick den Jux bei Pforzheim.Stanleys Expeditionszug quer durch Afrika wird von jedermann bewundert.Prall vom Whisky flog Quax den Jet zu Bruch.Jeder wackere Bayer vertiglt bequem zwo Pfund Kalbshaxen.Franz jagt im komplet verwahrlosten Taxi quer durch Bayern.,71.39518618583679,,,False,4
